species,shci_name,ae_raw,correction,ae_corrected,ref_label,ref_value,expt,discrepancy
na2,Na2,16.933443203326306,-0.2,16.733443203326306,SHCI_PBE_D0,16.85,17.0,-0.11655679667369512
li2,Li2,24.42604457274694,-0.5,23.92604457274694,SHCI_PBE_D0,23.84,23.9,0.086044572746939
f2,F2,37.85259027834053,-2.09,35.762590278340525,SHCI_PBE_D0,36.93,36.93,-1.1674097216594745
be_h,BeH,49.57318824333399,-2.94,46.63318824333399,SHCI_PBE_D0,47.8,47.7,-1.1668117566660072
li_h,LiH,58.33100837536388,-2.01,56.32100837536388,SHCI_PBE_D0,56.02,55.7,0.30100837536387814
cl2,Cl2,58.284288449487796,-2.62,55.6642884494878,SHCI_PBE_D0,56.75,57.18,-1.085711550512201
cl_f,ClF,62.68223741055043,-2.51,60.17223741055043,SHCI_PBE_D0,59.99,60.35,0.18223741055042808
cl_o,ClO,64.75327224151557,-2.0300000000000002,62.72327224151557,SHCI_PBE_D0,63.07,63.42,-0.34672775848442683
si2,Si2,74.2482988432721,-1.74,72.5082988432721,SHCI_PBE_D0,75.03,74.4,-2.5217011567279
n_h,NH,83.04593006827967,-4.71,78.33593006827968,SHCI_PBE_D0,78.55,78.36,-0.21406993172031719
c_h,CH,84.05387619210686,-4.12,79.93387619210685,SHCI_PBE_D0,80.16,79.97,-0.22612380789314557
na_cl,NaCl,96.7718472947416,-1.6,95.17184729474161,SHCI_PBE_D0,96.85,97.4,-1.678152705258384
s2,S2,101.89024751853584,-2.44,99.45024751853585,SHCI_PBE_D0,101.51,100.8,-2.059752481464159
o_h,OH,107.39958326367926,-5.53,101.86958326367926,SHCI_PBE_D0,101.81,101.73,0.059583263679257925
h_cl,HCl,107.87507987475531,-5.24,102.63507987475532,SHCI_PBE_D0,102.3,102.21,0.33507987475532275
p2,P2,112.59925621350628,-1.36,111.23925621350628,SHCI_PBE_D0,116.29,116.0,-5.050743786493726
o2,O2,119.96461398468495,-2.87,117.09461398468494,SHCI_PBE_D0,117.95,117.99,-0.8553860153150623
s_o,SO,126.44186144583705,-2.7199999999999998,123.72186144583705,SHCI_PBE_D0,123.67,123.5,0.05186144583704788
si_h2_triplet,SiH2(3B1),132.65110348102272,-8.3,124.35110348102272,SHCI_PBE_D0,124.42,123.4,-0.068896518977283
h_f,HF,141.97390876917248,-6.44,135.53390876917248,SHCI_PBE_D0,135.37,135.27,0.16390876917247965
li_f,LiF,139.27651682946995,-1.9,137.37651682946995,SHCI_PBE_D0,137.34,137.6,0.03651682946994583
p_h2,PH2,154.05611651838072,-8.6,145.45611651838072,SHCI_PBE_D0,145.96,144.7,-0.5038834816192832
si_h2_singlet,SiH2(1A1),153.70165506669616,-7.8999999999999995,145.80165506669616,SHCI_PBE_D0,146.05,144.1,-0.248344933303855
n_o,NO,152.62827319931444,-2.94,149.68827319931444,SHCI_PBE_D0,150.23,149.81,-0.5417268006855522
h_o_cl,HOCl,166.62501919183086,-9.68,156.94501919183085,SHCI_PBE_D0,156.93,156.88,0.015019191830845102
c_s,CS,171.11181666901163,-2.63,168.48181666901164,SHCI_PBE_D0,169.67,170.4,-1.1881833309883518
c_h2_singlet,CH2(1A1),181.29407688773466,-10.459999999999999,170.83407688773465,SHCI_PBE_D0,171.1,170.83,-0.26592311226534093
n_h2,NH2,182.64416185074987,-11.76,170.88416185074988,SHCI_PBE_D0,171.1,170.59,-0.2158381492501178
h2_s,H2S,184.63981607703286,-10.33,174.30981607703285,SHCI_PBE_D0,173.41,173.2,0.8998160770328525
c_n,CN,180.2263156120504,-3.1900000000000004,177.0363156120504,SHCI_PBE_D0,178.58,178.12,-1.543684387949611
c_h2_triplet,CH2(3B1),190.82612361234737,-10.780000000000001,180.04612361234737,SHCI_PBE_D0,179.95,179.83,0.09612361234738387
si_o,SiO,192.68467631883573,-2.68,190.00467631883572,SHCI_PBE_D0,190.53,189.8,-0.5253236811642807
si_h3,SiH3,228.08842674373355,-14.0,214.08842674373355,SHCI_PBE_D0,214.02,212.2,0.0684267437335393
h2_o,H2O,233.60758437203532,-13.75,219.85758437203532,SHCI_PBE_D0,219.51,219.37,0.3475843720353282
n2,N2,228.51781616123048,-3.5,225.01781616123048,SHCI_PBE_D0,225.62,224.94,-0.6021838387695198
p_h3,PH3,242.0270516165509,-14.879999999999999,227.1470516165509,SHCI_PBE_D0,227.36,227.1,-0.21294838344911682
h2_o2,H2O2,269.61548467736606,-17.26,252.35548467736606,SHCI_PBE_D0,252.33,252.21,0.025484677366051756
s_o2,SO2,260.54871081369004,-6.17,254.37871081369005,SHCI_PBE_D0,255.0,254.46,-0.6212891863099514
c_o,CO,259.99034503849464,-3.55,256.4403450384946,SHCI_PBE_D0,256.47,256.23,-0.02965496150540048
h_c_o,HCO,279.5936649873359,-8.68,270.9136649873359,SHCI_PBE_D0,270.92,270.76,-0.006335012664123951
n_h3,NH3,298.4061577787538,-21.6,276.8061577787538,SHCI_PBE_D0,276.97,276.59,-0.16384222124622738
c_h3,CH3,308.22170017695777,-18.8,289.42170017695776,SHCI_PBE_D0,289.18,289.11,0.2417001769577496
h_c_n,HCN,313.237764532323,-10.26,302.977764532323,SHCI_PBE_D0,303.76,303.14,-0.7822354676769692
si_h4,SiH4,325.0920751088247,-20.4,304.6920751088247,SHCI_PBE_D0,304.27,302.6,0.42207510882474253
h2_c_o,H2CO,375.14127565430516,-17.169999999999998,357.97127565430515,SHCI_PBE_D0,357.88,357.48,0.09127565430515006
c_h3_cl,CH3Cl,396.9182621901483,-24.59,372.32826219014834,SHCI_PBE_D0,371.53,371.35,0.798262190148364
c_o2,CO2,390.6224353346973,-8.25,382.3724353346973,SHCI_PBE_D0,382.46,381.98,-0.08756466530269336
c2_h2,C2H2,405.07422055025785,-16.96,388.11422055025787,SHCI_PBE_D0,388.84,388.64,-0.725779449742106
c_h4,CH4,421.08992307672327,-28.009999999999998,393.0799230767233,SHCI_PBE_D0,392.56,392.47,0.5199230767232734
n2_h4,N2H4,438.97219780170155,-33.19,405.78219780170156,SHCI_PBE_D0,406.6,404.81,-0.817802198298466
h3_c_s_h,H3CSH,476.44661126948995,-29.8,446.64661126948994,SHCI_PBE_D0,445.91,445.1,0.736611269489913
h3_c_o_h,H3COH,514.8219524755868,-32.519999999999996,482.30195247558686,SHCI_PBE_D0,481.52,480.97,0.781952475586877
si2_h6,Si2H6,536.0298352175881,-32.5,503.52983521758813,SHCI_PBE_D0,503.34,500.1,0.18983521758815414
c2_h4,C2H4,564.4314687038539,-32.16,532.2714687038539,SHCI_PBE_D0,532.09,532.04,0.18146870385385228
c2_h6,C2H6,714.2942419243568,-46.79,667.5042419243568,SHCI_PBE_D0,666.97,666.19,0.5342419243568202
