config_dir,ee_cutoff,en_cutoff,een_cutoff,ee_order,en_order,een_order,species,CCSD(T)_energy_Ha,heat_energy_Ha,error_Ha,error_mHa
4.5_0_0_order_5_0_0,4.5,0.0,0.0,5,0,0,CH3,-39.808146885623,-39.836136,0.027989114377000135,27.989114377000135
4.5_0_0_order_5_0_0,4.5,0.0,0.0,5,0,0,F2,-199.463578099195,-199.532431,0.0688529008050125,68.8529008050125
4.5_0_0_order_5_0_0,4.5,0.0,0.0,5,0,0,HF,-100.424856469585,-100.460908,0.036051530415008415,36.051530415008415
4.5_0_0_order_5_0_0,4.5,0.0,0.0,5,0,0,NH2,-55.847927412029,-55.880866,0.032938587970996025,32.938587970996025
4.5_0_0_order_5_0_0,4.5,0.0,0.0,5,0,0,NH3,-56.526922900781,-56.564955,0.038032099218995086,38.032099218995086
4.5_0_0_order_7_0_0,4.5,0.0,0.0,7,0,0,CH3,-39.803379918965,-39.836136,0.032756081035003604,32.756081035003604
4.5_0_0_order_7_0_0,4.5,0.0,0.0,7,0,0,F2,-199.410145381766,-199.532431,0.12228561823400241,122.28561823400241
4.5_0_0_order_7_0_0,4.5,0.0,0.0,7,0,0,HF,-100.397504135544,-100.460908,0.06340386445600643,63.40386445600643
4.5_0_0_order_7_0_0,4.5,0.0,0.0,7,0,0,NH2,-55.83866641705,-55.880866,0.042199582949997705,42.199582949997705
4.5_0_0_order_7_0_0,4.5,0.0,0.0,7,0,0,NH3,-56.516885997871,-56.564955,0.04806900212899734,48.06900212899734
4.5_0_0_order_9_0_0,4.5,0.0,0.0,9,0,0,CH3,-39.803224408055,-39.836136,0.03291159194500182,32.91159194500182
4.5_0_0_order_9_0_0,4.5,0.0,0.0,9,0,0,F2,-199.404290320542,-199.532431,0.12814067945799934,128.14067945799934
4.5_0_0_order_9_0_0,4.5,0.0,0.0,9,0,0,HF,-100.395249275695,-100.460908,0.06565872430500974,65.65872430500974
4.5_0_0_order_9_0_0,4.5,0.0,0.0,9,0,0,NH2,-55.838243687865,-55.880866,0.0426223121349949,42.6223121349949
4.5_0_0_order_9_0_0,4.5,0.0,0.0,9,0,0,NH3,-56.516441873718,-56.564955,0.04851312628199622,48.51312628199622
4.5_0_1_order_5_0_2,4.5,0.0,1.0,5,0,2,CH3,-39.810285615093,-39.836136,0.02585038490700242,25.85038490700242
4.5_0_1_order_5_0_2,4.5,0.0,1.0,5,0,2,F2,-199.469357219716,-199.532431,0.06307378028401445,63.07378028401445
4.5_0_1_order_5_0_2,4.5,0.0,1.0,5,0,2,HF,-100.430776476825,-100.460908,0.030131523175001007,30.131523175001007
4.5_0_1_order_5_0_2,4.5,0.0,1.0,5,0,2,NH2,-55.851331433339,-55.880866,0.029534566660998962,29.534566660998962
4.5_0_1_order_5_0_2,4.5,0.0,1.0,5,0,2,NH3,-56.530969736562,-56.564955,0.033985263437998015,33.985263437998015
4.5_0_1_order_5_0_4,4.5,0.0,1.0,5,0,4,CH3,-39.814975416109,-39.836136,0.02116058389100317,21.16058389100317
4.5_0_1_order_5_0_4,4.5,0.0,1.0,5,0,4,F2,-199.457233097701,-199.532431,0.07519790229900991,75.19790229900991
4.5_0_1_order_5_0_4,4.5,0.0,1.0,5,0,4,HF,-100.42519206304,-100.460908,0.03571593696000264,35.71593696000264
4.5_0_1_order_5_0_4,4.5,0.0,1.0,5,0,4,NH2,-55.853438297257,-55.880866,0.02742770274299744,27.42770274299744
4.5_0_1_order_5_0_4,4.5,0.0,1.0,5,0,4,NH3,-56.532847829312,-56.564955,0.03210717068800051,32.10717068800051
4.5_0_1_order_5_0_6,4.5,0.0,1.0,5,0,6,CH3,-39.81569918582,-39.836136,0.02043681418000176,20.43681418000176
4.5_0_1_order_5_0_6,4.5,0.0,1.0,5,0,6,F2,-199.461139917646,-199.532431,0.0712910823540085,71.2910823540085
4.5_0_1_order_5_0_6,4.5,0.0,1.0,5,0,6,HF,-100.431801102103,-100.460908,0.02910689789700882,29.10689789700882
4.5_0_1_order_5_0_6,4.5,0.0,1.0,5,0,6,NH2,-55.854597465587,-55.880866,0.026268534412999145,26.268534412999145
4.5_0_1_order_5_0_6,4.5,0.0,1.0,5,0,6,NH3,-56.534121176907,-56.564955,0.030833823092997648,30.833823092997648
4.5_0_1_order_7_0_2,4.5,0.0,1.0,7,0,2,CH3,-39.807948245168,-39.836136,0.028187754832003975,28.187754832003975
4.5_0_1_order_7_0_2,4.5,0.0,1.0,7,0,2,F2,-199.437174635754,-199.532431,0.09525636424601203,95.25636424601203
4.5_0_1_order_7_0_2,4.5,0.0,1.0,7,0,2,HF,-100.414176720402,-100.460908,0.04673127959800638,46.73127959800638
4.5_0_1_order_7_0_2,4.5,0.0,1.0,7,0,2,NH2,-55.846413157323,-55.880866,0.03445284267699833,34.45284267699833
4.5_0_1_order_7_0_2,4.5,0.0,1.0,7,0,2,NH3,-56.525422778402,-56.564955,0.03953222159799452,39.53222159799452
4.5_0_1_order_7_0_4,4.5,0.0,1.0,7,0,4,CH3,-39.815248331862,-39.836136,0.020887668138001914,20.887668138001914
4.5_0_1_order_7_0_4,4.5,0.0,1.0,7,0,4,F2,-199.457333878434,-199.532431,0.0750971215659888,75.0971215659888
4.5_0_1_order_7_0_4,4.5,0.0,1.0,7,0,4,HF,-100.426062769098,-100.460908,0.03484523090200753,34.84523090200753
4.5_0_1_order_7_0_4,4.5,0.0,1.0,7,0,4,NH2,-55.853836299271,-55.880866,0.027029700728995465,27.029700728995465
4.5_0_1_order_7_0_4,4.5,0.0,1.0,7,0,4,NH3,-56.533384899991,-56.564955,0.031570100008998736,31.570100008998736
4.5_0_1_order_7_0_6,4.5,0.0,1.0,7,0,6,CH3,-39.8163699569,-39.836136,0.01976604310000596,19.76604310000596
4.5_0_1_order_7_0_6,4.5,0.0,1.0,7,0,6,F2,-199.465171306759,-199.532431,0.06725969324099879,67.25969324099879
4.5_0_1_order_7_0_6,4.5,0.0,1.0,7,0,6,HF,-100.435201636726,-100.460908,0.025706363273997113,25.706363273997113
4.5_0_1_order_7_0_6,4.5,0.0,1.0,7,0,6,NH2,-55.855860389044,-55.880866,0.025005610956000623,25.005610956000623
4.5_0_1_order_7_0_6,4.5,0.0,1.0,7,0,6,NH3,-56.535563097265,-56.564955,0.02939190273500003,29.39190273500003
4.5_0_1_order_9_0_2,4.5,0.0,1.0,9,0,2,CH3,-39.808440566664,-39.836136,0.02769543333600666,27.69543333600666
4.5_0_1_order_9_0_2,4.5,0.0,1.0,9,0,2,F2,-199.430486488176,-199.532431,0.10194451182400144,101.94451182400144
4.5_0_1_order_9_0_2,4.5,0.0,1.0,9,0,2,HF,-100.411648107037,-100.460908,0.0492598929630077,49.2598929630077
4.5_0_1_order_9_0_2,4.5,0.0,1.0,9,0,2,NH2,-55.845792430179,-55.880866,0.03507356982099452,35.07356982099452
4.5_0_1_order_9_0_2,4.5,0.0,1.0,9,0,2,NH3,-56.524921379385,-56.564955,0.04003362061499871,40.03362061499871
4.5_0_1_order_9_0_4,4.5,0.0,1.0,9,0,4,CH3,-39.815191215262,-39.836136,0.020944784738006206,20.944784738006206
4.5_0_1_order_9_0_4,4.5,0.0,1.0,9,0,4,F2,-199.457407365847,-199.532431,0.07502363415301261,75.02363415301261
4.5_0_1_order_9_0_4,4.5,0.0,1.0,9,0,4,HF,-100.42614822852,-100.460908,0.034759771479997426,34.759771479997426
4.5_0_1_order_9_0_4,4.5,0.0,1.0,9,0,4,NH2,-55.853875012455,-55.880866,0.02699098754499829,26.99098754499829
4.5_0_1_order_9_0_4,4.5,0.0,1.0,9,0,4,NH3,-56.533272858721,-56.564955,0.031682141278999154,31.682141278999154
4.5_0_1_order_9_0_6,4.5,0.0,1.0,9,0,6,CH3,-39.816382098697,-39.836136,0.01975390130300525,19.75390130300525
4.5_0_1_order_9_0_6,4.5,0.0,1.0,9,0,6,F2,-199.465486267618,-199.532431,0.06694473238201226,66.94473238201226
4.5_0_1_order_9_0_6,4.5,0.0,1.0,9,0,6,HF,-100.430394838388,-100.460908,0.030513161612006456,30.513161612006456
4.5_0_1_order_9_0_6,4.5,0.0,1.0,9,0,6,NH2,-55.855815393142,-55.880866,0.025050606857995206,25.050606857995206
4.5_0_1_order_9_0_6,4.5,0.0,1.0,9,0,6,NH3,-56.56498240755,-56.564955,-2.740755000019135e-05,-0.02740755000019135
4.5_0_2_order_5_0_2,4.5,0.0,2.0,5,0,2,CH3,-39.818367575121,-39.836136,0.017768424879001543,17.768424879001543
4.5_0_2_order_5_0_2,4.5,0.0,2.0,5,0,2,F2,-199.496153746289,-199.532431,0.0362772537110061,36.2772537110061
4.5_0_2_order_5_0_2,4.5,0.0,2.0,5,0,2,HF,-100.437780665399,-100.460908,0.023127334600999916,23.127334600999916
4.5_0_2_order_5_0_2,4.5,0.0,2.0,5,0,2,NH2,-55.858697214214,-55.880866,0.022168785786000456,22.168785786000456
4.5_0_2_order_5_0_2,4.5,0.0,2.0,5,0,2,NH3,-56.53880061313,-56.564955,0.02615438686999738,26.15438686999738
4.5_0_2_order_5_0_4,4.5,0.0,2.0,5,0,4,CH3,-39.825666154522,-39.836136,0.010469845478006334,10.469845478006334
4.5_0_2_order_5_0_4,4.5,0.0,2.0,5,0,4,F2,-199.497965631516,-199.532431,0.03446536848400683,34.46536848400683
4.5_0_2_order_5_0_4,4.5,0.0,2.0,5,0,4,HF,-100.447290226276,-100.460908,0.01361777372400752,13.61777372400752
4.5_0_2_order_5_0_4,4.5,0.0,2.0,5,0,4,NH2,-55.867825295414,-55.880866,0.01304070458599682,13.04070458599682
4.5_0_2_order_5_0_4,4.5,0.0,2.0,5,0,4,NH3,-56.549573545282,-56.564955,0.015381454717996235,15.381454717996235
4.5_0_2_order_5_0_6,4.5,0.0,2.0,5,0,6,CH3,-39.828167598042,-39.836136,0.007968401958002858,7.9684019580028576
4.5_0_2_order_5_0_6,4.5,0.0,2.0,5,0,6,F2,-199.501469510061,-199.532431,0.030961489938988507,30.961489938988507
4.5_0_2_order_5_0_6,4.5,0.0,2.0,5,0,6,HF,-100.450786991286,-100.460908,0.010121008714008894,10.121008714008894
4.5_0_2_order_5_0_6,4.5,0.0,2.0,5,0,6,NH2,-55.870769185921,-55.880866,0.010096814078998761,10.096814078998761
4.5_0_2_order_5_0_6,4.5,0.0,2.0,5,0,6,NH3,-56.552949103669,-56.564955,0.012005896330997246,12.005896330997246
4.5_0_2_order_7_0_2,4.5,0.0,2.0,7,0,2,CH3,-39.814217600793,-39.836136,0.021918399207002892,21.918399207002892
4.5_0_2_order_7_0_2,4.5,0.0,2.0,7,0,2,F2,-199.439719543793,-199.532431,0.09271145620701304,92.71145620701304
4.5_0_2_order_7_0_2,4.5,0.0,2.0,7,0,2,HF,-100.41451201961,-100.460908,0.04639598039000248,46.39598039000248
4.5_0_2_order_7_0_2,4.5,0.0,2.0,7,0,2,NH2,-55.85084877617,-55.880866,0.030017223830000717,30.017223830000717
4.5_0_2_order_7_0_2,4.5,0.0,2.0,7,0,2,NH3,-56.530166741419,-56.564955,0.034788258580995546,34.788258580995546
4.5_0_2_order_7_0_4,4.5,0.0,2.0,7,0,4,CH3,-39.825636894888,-39.836136,0.010499105112003804,10.499105112003804
4.5_0_2_order_7_0_4,4.5,0.0,2.0,7,0,4,F2,-199.496702276223,-199.532431,0.035728723776998095,35.728723776998095
4.5_0_2_order_7_0_4,4.5,0.0,2.0,7,0,4,HF,-100.446958178336,-100.460908,0.013949821663999273,13.949821663999273
4.5_0_2_order_7_0_4,4.5,0.0,2.0,7,0,4,NH2,-55.867699246434,-55.880866,0.013166753565997169,13.166753565997169
4.5_0_2_order_7_0_4,4.5,0.0,2.0,7,0,4,NH3,-56.549629219667,-56.564955,0.015325780333000694,15.325780333000694
4.5_0_2_order_7_0_6,4.5,0.0,2.0,7,0,6,CH3,-39.828326671032,-39.836136,0.007809328968001239,7.809328968001239
4.5_0_2_order_7_0_6,4.5,0.0,2.0,7,0,6,F2,-199.501705843238,-199.532431,0.030725156762002825,30.725156762002825
4.5_0_2_order_7_0_6,4.5,0.0,2.0,7,0,6,HF,-100.450842411653,-100.460908,0.010065588347003995,10.065588347003995
4.5_0_2_order_7_0_6,4.5,0.0,2.0,7,0,6,NH2,-55.870915856979,-55.880866,0.009950143020994062,9.950143020994062
4.5_0_2_order_7_0_6,4.5,0.0,2.0,7,0,6,NH3,-56.55298318754,-56.564955,0.011971812459997011,11.971812459997011
4.5_0_2_order_9_0_2,4.5,0.0,2.0,9,0,2,CH3,-39.814220863059,-39.836136,0.02191513694100422,21.91513694100422
4.5_0_2_order_9_0_2,4.5,0.0,2.0,9,0,2,F2,-199.43605350476,-199.532431,0.09637749524000583,96.37749524000583
4.5_0_2_order_9_0_2,4.5,0.0,2.0,9,0,2,HF,-100.412772721462,-100.460908,0.04813527853799826,48.13527853799826
4.5_0_2_order_9_0_2,4.5,0.0,2.0,9,0,2,NH2,-55.850576899751,-55.880866,0.030289100249,30.289100249
4.5_0_2_order_9_0_2,4.5,0.0,2.0,9,0,2,NH3,-56.529906258562,-56.564955,0.035048741437996966,35.048741437996966
4.5_0_2_order_9_0_4,4.5,0.0,2.0,9,0,4,CH3,-39.825503510597,-39.836136,0.010632489403000989,10.632489403000989
4.5_0_2_order_9_0_4,4.5,0.0,2.0,9,0,4,F2,-199.495907803261,-199.532431,0.03652319673901161,36.52319673901161
4.5_0_2_order_9_0_4,4.5,0.0,2.0,9,0,4,HF,-100.446827684221,-100.460908,0.014080315778997488,14.080315778997488
4.5_0_2_order_9_0_4,4.5,0.0,2.0,9,0,4,NH2,-55.867628991904,-55.880866,0.013237008095998704,13.237008095998704
4.5_0_2_order_9_0_4,4.5,0.0,2.0,9,0,4,NH3,-56.549444498364,-56.564955,0.015510501636001095,15.510501636001095
4.5_0_2_order_9_0_6,4.5,0.0,2.0,9,0,6,CH3,-39.828498480698,-39.836136,0.007637519302001294,7.637519302001294
4.5_0_2_order_9_0_6,4.5,0.0,2.0,9,0,6,F2,-199.501639555805,-199.532431,0.030791444194989026,30.791444194989026
4.5_0_2_order_9_0_6,4.5,0.0,2.0,9,0,6,HF,-100.450886085772,-100.460908,0.010021914228005357,10.021914228005357
4.5_0_2_order_9_0_6,4.5,0.0,2.0,9,0,6,NH2,-55.871007580046,-55.880866,0.009858419953999942,9.858419953999942
4.5_0_2_order_9_0_6,4.5,0.0,2.0,9,0,6,NH3,-56.553108985173,-56.564955,0.011846014827000317,11.846014827000317
4.5_0_3_order_5_0_4,4.5,0.0,3.0,5,0,4,CH3,-39.830998351053,-39.836136,0.005137648947005857,5.137648947005857
4.5_0_3_order_5_0_4,4.5,0.0,3.0,5,0,4,F2,-199.508423239472,-199.532431,0.024007760528007793,24.007760528007793
4.5_0_3_order_5_0_4,4.5,0.0,3.0,5,0,4,HF,-100.452128707483,-100.460908,0.008779292517004933,8.779292517004933
4.5_0_3_order_5_0_4,4.5,0.0,3.0,5,0,4,NH2,-55.8736287133,-55.880866,0.007237286699997014,7.237286699997014
4.5_0_3_order_5_0_4,4.5,0.0,3.0,5,0,4,NH3,-56.555807456198,-56.564955,0.009147543801994118,9.147543801994118
4.5_0_3_order_5_0_6,4.5,0.0,3.0,5,0,6,CH3,-39.832237066571,-39.836136,0.0038989334290064903,3.8989334290064903
4.5_0_3_order_5_0_6,4.5,0.0,3.0,5,0,6,F2,-199.506221492875,-199.532431,0.02620950712500303,26.20950712500303
4.5_0_3_order_5_0_6,4.5,0.0,3.0,5,0,6,HF,-100.453181189349,-100.460908,0.007726810651007554,7.726810651007554
4.5_0_3_order_5_0_6,4.5,0.0,3.0,5,0,6,NH2,-55.875077064329,-55.880866,0.005788935670999251,5.788935670999251
4.5_0_3_order_5_0_6,4.5,0.0,3.0,5,0,6,NH3,-56.557629456214,-56.564955,0.007325543785995592,7.325543785995592
4.5_0_3_order_5_0_8,4.5,0.0,3.0,5,0,8,CH3,-39.832510896339,-39.836136,0.0036251036610011056,3.6251036610011056
4.5_0_3_order_5_0_8,4.5,0.0,3.0,5,0,8,F2,-199.505680556107,-199.532431,0.026750443893007514,26.750443893007514
4.5_0_3_order_5_0_8,4.5,0.0,3.0,5,0,8,HF,-100.45261321101,-100.460908,0.008294788989999802,8.294788989999802
4.5_0_3_order_5_0_8,4.5,0.0,3.0,5,0,8,NH2,-55.875269823186,-55.880866,0.005596176813995157,5.596176813995157
4.5_0_3_order_5_0_8,4.5,0.0,3.0,5,0,8,NH3,-56.55761481229,-56.564955,0.007340187709999668,7.340187709999668
4.5_0_3_order_7_0_4,4.5,0.0,3.0,7,0,4,CH3,-39.83119276395,-39.836136,0.004943236050003463,4.943236050003463
4.5_0_3_order_7_0_4,4.5,0.0,3.0,7,0,4,F2,-199.507831699354,-199.532431,0.024599300646002575,24.599300646002575
4.5_0_3_order_7_0_4,4.5,0.0,3.0,7,0,4,HF,-100.451523160273,-100.460908,0.009384839727005101,9.384839727005101
4.5_0_3_order_7_0_4,4.5,0.0,3.0,7,0,4,NH2,-55.873589416734,-55.880866,0.007276583265998227,7.276583265998227
4.5_0_3_order_7_0_4,4.5,0.0,3.0,7,0,4,NH3,-56.556027035006,-56.564955,0.008927964994001059,8.927964994001059
4.5_0_3_order_7_0_6,4.5,0.0,3.0,7,0,6,CH3,-39.832519443335,-39.836136,0.0036165566650012693,3.6165566650012693
4.5_0_3_order_7_0_6,4.5,0.0,3.0,7,0,6,F2,-199.506456359241,-199.532431,0.0259746407589887,25.9746407589887
4.5_0_3_order_7_0_6,4.5,0.0,3.0,7,0,6,HF,-100.453322590551,-100.460908,0.007585409449006875,7.585409449006875
4.5_0_3_order_7_0_6,4.5,0.0,3.0,7,0,6,NH2,-55.875028734954,-55.880866,0.005837265045997242,5.837265045997242
4.5_0_3_order_7_0_6,4.5,0.0,3.0,7,0,6,NH3,-56.557733052773,-56.564955,0.007221947226994985,7.221947226994985
4.5_0_3_order_7_0_8,4.5,0.0,3.0,7,0,8,CH3,-39.83247598902,-39.836136,0.003660010980006234,3.660010980006234
4.5_0_3_order_7_0_8,4.5,0.0,3.0,7,0,8,F2,-199.506136321293,-199.532431,0.026294678706989316,26.294678706989316
4.5_0_3_order_7_0_8,4.5,0.0,3.0,7,0,8,HF,-100.453000975382,-100.460908,0.00790702461800663,7.907024618006631
4.5_0_3_order_7_0_8,4.5,0.0,3.0,7,0,8,NH2,-55.875289199139,-55.880866,0.0055768008610002084,5.576800861000208
4.5_0_3_order_7_0_8,4.5,0.0,3.0,7,0,8,NH3,-56.557884015299,-56.564955,0.007070984700995098,7.070984700995098
4.5_0_3_order_9_0_4,4.5,0.0,3.0,9,0,4,CH3,-39.830677171072,-39.836136,0.005458828928006199,5.458828928006199
4.5_0_3_order_9_0_4,4.5,0.0,3.0,9,0,4,F2,-199.506330614015,-199.532431,0.026100385984989316,26.100385984989316
4.5_0_3_order_9_0_4,4.5,0.0,3.0,9,0,4,HF,-100.451135261706,-100.460908,0.009772738294003602,9.772738294003602
4.5_0_3_order_9_0_4,4.5,0.0,3.0,9,0,4,NH2,-55.873389443789,-55.880866,0.007476556210995966,7.476556210995966
4.5_0_3_order_9_0_4,4.5,0.0,3.0,9,0,4,NH3,-56.555847199422,-56.564955,0.009107800578000536,9.107800578000536
4.5_0_3_order_9_0_6,4.5,0.0,3.0,9,0,6,CH3,-39.832414543742,-39.836136,0.0037214562580061283,3.7214562580061283
4.5_0_3_order_9_0_6,4.5,0.0,3.0,9,0,6,F2,-199.506512902651,-199.532431,0.025918097349006075,25.918097349006075
4.5_0_3_order_9_0_6,4.5,0.0,3.0,9,0,6,HF,-100.453534566128,-100.460908,0.007373433872004398,7.373433872004398
4.5_0_3_order_9_0_6,4.5,0.0,3.0,9,0,6,NH2,-55.87527964274,-55.880866,0.005586357260000341,5.586357260000341
4.5_0_3_order_9_0_6,4.5,0.0,3.0,9,0,6,NH3,-56.55760994083,-56.564955,0.007345059169999502,7.345059169999502
4.5_0_3_order_9_0_8,4.5,0.0,3.0,9,0,8,CH3,-39.832643099212,-39.836136,0.0034929007880037943,3.4929007880037943
4.5_0_3_order_9_0_8,4.5,0.0,3.0,9,0,8,F2,-199.505844900079,-199.532431,0.02658609992099059,26.58609992099059
4.5_0_3_order_9_0_8,4.5,0.0,3.0,9,0,8,HF,-100.453026967224,-100.460908,0.007881032775998165,7.881032775998165
4.5_0_3_order_9_0_8,4.5,0.0,3.0,9,0,8,NH2,-55.875244269279,-55.880866,0.005621730720996254,5.621730720996254
4.5_0_3_order_9_0_8,4.5,0.0,3.0,9,0,8,NH3,-56.557703578827,-56.564955,0.007251421172995265,7.251421172995265
4.5_1_0_order_5_5_0,4.5,1.0,0.0,5,5,0,CH3,-39.813614372826,-39.836136,0.02252162717400097,22.52162717400097
4.5_1_0_order_5_5_0,4.5,1.0,0.0,5,5,0,F2,-199.469706200132,-199.532431,0.0627247998679934,62.7247998679934
4.5_1_0_order_5_5_0,4.5,1.0,0.0,5,5,0,HF,-100.428838574354,-100.460908,0.03206942564600013,32.06942564600013
4.5_1_0_order_5_5_0,4.5,1.0,0.0,5,5,0,NH2,-55.852803137088,-55.880866,0.028062862911994557,28.062862911994557
4.5_1_0_order_5_5_0,4.5,1.0,0.0,5,5,0,NH3,-56.532411877455,-56.564955,0.03254312254500036,32.54312254500036
4.5_1_0_order_5_7_0,4.5,1.0,0.0,5,7,0,CH3,-39.81367026513,-39.836136,0.022465734870003473,22.465734870003473
4.5_1_0_order_5_7_0,4.5,1.0,0.0,5,7,0,F2,-199.469887251238,-199.532431,0.06254374876201041,62.54374876201041
4.5_1_0_order_5_7_0,4.5,1.0,0.0,5,7,0,HF,-100.429032103525,-100.460908,0.03187589647500033,31.87589647500033
4.5_1_0_order_5_7_0,4.5,1.0,0.0,5,7,0,NH2,-55.852870816248,-55.880866,0.027995183751997388,27.995183751997388
4.5_1_0_order_5_7_0,4.5,1.0,0.0,5,7,0,NH3,-56.532469742493,-56.564955,0.032485257506998266,32.485257506998266
4.5_1_0_order_5_9_0,4.5,1.0,0.0,5,9,0,CH3,-39.813691788644,-39.836136,0.022444211356003052,22.444211356003052
4.5_1_0_order_5_9_0,4.5,1.0,0.0,5,9,0,F2,-199.470126630792,-199.532431,0.062304369207993204,62.304369207993204
4.5_1_0_order_5_9_0,4.5,1.0,0.0,5,9,0,HF,-100.428984488427,-100.460908,0.03192351157299811,31.92351157299811
4.5_1_0_order_5_9_0,4.5,1.0,0.0,5,9,0,NH2,-55.852905324667,-55.880866,0.02796067533299862,27.96067533299862
4.5_1_0_order_5_9_0,4.5,1.0,0.0,5,9,0,NH3,-56.532481787268,-56.564955,0.032473212732000434,32.473212732000434
4.5_1_0_order_7_5_0,4.5,1.0,0.0,7,5,0,CH3,-39.811397848067,-39.836136,0.02473815193300055,24.73815193300055
4.5_1_0_order_7_5_0,4.5,1.0,0.0,7,5,0,F2,-199.436896640146,-199.532431,0.09553435985401393,95.53435985401393
4.5_1_0_order_7_5_0,4.5,1.0,0.0,7,5,0,HF,-100.413692366561,-100.460908,0.04721563343900925,47.21563343900925
4.5_1_0_order_7_5_0,4.5,1.0,0.0,7,5,0,NH2,-55.848306556935,-55.880866,0.03255944306499714,32.55944306499714
4.5_1_0_order_7_5_0,4.5,1.0,0.0,7,5,0,NH3,-56.527443387443,-56.564955,0.03751161255699742,37.51161255699742
4.5_1_0_order_7_7_0,4.5,1.0,0.0,7,7,0,CH3,-39.811481104938,-39.836136,0.024654895062006688,24.654895062006688
4.5_1_0_order_7_7_0,4.5,1.0,0.0,7,7,0,F2,-199.437095129224,-199.532431,0.09533587077601169,95.33587077601169
4.5_1_0_order_7_7_0,4.5,1.0,0.0,7,7,0,HF,-100.413791483533,-100.460908,0.04711651646699977,47.11651646699977
4.5_1_0_order_7_7_0,4.5,1.0,0.0,7,7,0,NH2,-55.848343387824,-55.880866,0.03252261217599539,32.52261217599539
4.5_1_0_order_7_7_0,4.5,1.0,0.0,7,7,0,NH3,-56.527417740784,-56.564955,0.03753725921599482,37.53725921599482
4.5_1_0_order_7_9_0,4.5,1.0,0.0,7,9,0,CH3,-39.811412457493,-39.836136,0.02472354250700448,24.72354250700448
4.5_1_0_order_7_9_0,4.5,1.0,0.0,7,9,0,F2,-199.437128814293,-199.532431,0.09530218570699844,95.30218570699844
4.5_1_0_order_7_9_0,4.5,1.0,0.0,7,9,0,HF,-100.413823301608,-100.460908,0.04708469839199836,47.08469839199836
4.5_1_0_order_7_9_0,4.5,1.0,0.0,7,9,0,NH2,-55.84836858244,-55.880866,0.0324974175599948,32.4974175599948
4.5_1_0_order_7_9_0,4.5,1.0,0.0,7,9,0,NH3,-56.52748052736,-56.564955,0.03747447263999959,37.47447263999959
4.5_1_0_order_9_5_0,4.5,1.0,0.0,9,5,0,CH3,-39.811389684675,-39.836136,0.02474631532500382,24.74631532500382
4.5_1_0_order_9_5_0,4.5,1.0,0.0,9,5,0,F2,-199.433229346808,-199.532431,0.09920165319201146,99.20165319201146
4.5_1_0_order_9_5_0,4.5,1.0,0.0,9,5,0,HF,-100.412422250873,-100.460908,0.048485749126996325,48.485749126996325
4.5_1_0_order_9_5_0,4.5,1.0,0.0,9,5,0,NH2,-55.848084166879,-55.880866,0.03278183312099969,32.78183312099969
4.5_1_0_order_9_5_0,4.5,1.0,0.0,9,5,0,NH3,-56.527089384456,-56.564955,0.03786561554399981,37.86561554399981
4.5_1_0_order_9_7_0,4.5,1.0,0.0,9,7,0,CH3,-39.811401379798,-39.836136,0.02473462020200401,24.73462020200401
4.5_1_0_order_9_7_0,4.5,1.0,0.0,9,7,0,F2,-199.433347324676,-199.532431,0.0990836753240103,99.0836753240103
4.5_1_0_order_9_7_0,4.5,1.0,0.0,9,7,0,HF,-100.412551209778,-100.460908,0.04835679022200168,48.35679022200168
4.5_1_0_order_9_7_0,4.5,1.0,0.0,9,7,0,NH2,-55.848113951802,-55.880866,0.03275204819799882,32.75204819799882
4.5_1_0_order_9_7_0,4.5,1.0,0.0,9,7,0,NH3,-56.527147803897,-56.564955,0.03780719610299599,37.80719610299599
4.5_1_0_order_9_9_0,4.5,1.0,0.0,9,9,0,CH3,-39.811469770921,-39.836136,0.024666229079002733,24.666229079002733
4.5_1_0_order_9_9_0,4.5,1.0,0.0,9,9,0,F2,-199.433471832305,-199.532431,0.0989591676949999,98.9591676949999
4.5_1_0_order_9_9_0,4.5,1.0,0.0,9,9,0,HF,-100.412526315289,-100.460908,0.04838168471100346,48.38168471100346
4.5_1_0_order_9_9_0,4.5,1.0,0.0,9,9,0,NH2,-55.848104592744,-55.880866,0.032761407255996744,32.761407255996744
4.5_1_0_order_9_9_0,4.5,1.0,0.0,9,9,0,NH3,-56.527104101387,-56.564955,0.0378508986129944,37.8508986129944
4.5_1_1_order_5_5_2,4.5,1.0,1.0,5,5,2,CH3,-39.814560416164,-39.836136,0.021575583836003887,21.575583836003887
4.5_1_1_order_5_5_2,4.5,1.0,1.0,5,5,2,F2,-199.470150523731,-199.532431,0.062280476268995244,62.280476268995244
4.5_1_1_order_5_5_2,4.5,1.0,1.0,5,5,2,HF,-100.428922255972,-100.460908,0.031985744028006025,31.985744028006025
4.5_1_1_order_5_5_2,4.5,1.0,1.0,5,5,2,NH2,-55.853214790462,-55.880866,0.027651209537999932,27.651209537999932
4.5_1_1_order_5_5_2,4.5,1.0,1.0,5,5,2,NH3,-56.532859634323,-56.564955,0.03209536567699445,32.09536567699445
4.5_1_1_order_5_5_4,4.5,1.0,1.0,5,5,4,CH3,-39.81678066834,-39.836136,0.019355331660001696,19.355331660001696
4.5_1_1_order_5_5_4,4.5,1.0,1.0,5,5,4,F2,-199.460617815012,-199.532431,0.07181318498800238,71.81318498800238
4.5_1_1_order_5_5_4,4.5,1.0,1.0,5,5,4,HF,-100.426608078987,-100.460908,0.03429992101300172,34.29992101300172
4.5_1_1_order_5_5_4,4.5,1.0,1.0,5,5,4,NH2,-55.854982846817,-55.880866,0.0258831531829955,25.8831531829955
4.5_1_1_order_5_5_4,4.5,1.0,1.0,5,5,4,NH3,-56.534475513242,-56.564955,0.030479486757997165,30.479486757997165
4.5_1_1_order_7_5_2,4.5,1.0,1.0,7,5,2,CH3,-39.811835204387,-39.836136,0.02430079561300147,24.30079561300147
4.5_1_1_order_7_5_2,4.5,1.0,1.0,7,5,2,F2,-199.43551137072,-199.532431,0.09691962927999498,96.91962927999498
4.5_1_1_order_7_5_2,4.5,1.0,1.0,7,5,2,HF,-100.413001338487,-100.460908,0.04790666151299661,47.90666151299661
4.5_1_1_order_7_5_2,4.5,1.0,1.0,7,5,2,NH2,-55.848155680669,-55.880866,0.03271031933099522,32.71031933099522
4.5_1_1_order_7_5_2,4.5,1.0,1.0,7,5,2,NH3,-56.527220243109,-56.564955,0.037734756890998256,37.734756890998256
4.5_1_1_order_7_5_4,4.5,1.0,1.0,7,5,4,CH3,-39.817037606311,-39.836136,0.019098393689006343,19.098393689006343
4.5_1_1_order_7_5_4,4.5,1.0,1.0,7,5,4,F2,-199.46207128399,-199.532431,0.07035971600998892,70.35971600998892
4.5_1_1_order_7_5_4,4.5,1.0,1.0,7,5,4,HF,-100.427950178276,-100.460908,0.03295782172399697,32.95782172399697
4.5_1_1_order_7_5_4,4.5,1.0,1.0,7,5,4,NH2,-55.855596683191,-55.880866,0.0252693168089948,25.2693168089948
4.5_1_1_order_7_5_4,4.5,1.0,1.0,7,5,4,NH3,-56.535150137341,-56.564955,0.029804862658998843,29.804862658998843
4.5_1_1_order_7_7_2,4.5,1.0,1.0,7,7,2,CH3,-39.811784439645,-39.836136,0.024351560355000856,24.351560355000856
4.5_1_1_order_7_7_2,4.5,1.0,1.0,7,7,2,F2,-199.435781348906,-199.532431,0.09664965109399759,96.64965109399759
4.5_1_1_order_7_7_2,4.5,1.0,1.0,7,7,2,HF,-100.413056929096,-100.460908,0.04785107090400231,47.85107090400231
4.5_1_1_order_7_7_2,4.5,1.0,1.0,7,7,2,NH2,-55.848217168298,-55.880866,0.03264883170199795,32.64883170199795
4.5_1_1_order_7_7_2,4.5,1.0,1.0,7,7,2,NH3,-56.527272911515,-56.564955,0.0376820884849991,37.6820884849991
4.5_1_1_order_7_7_4,4.5,1.0,1.0,7,7,4,CH3,-39.817241105933,-39.836136,0.018894894067003065,18.894894067003065
4.5_1_1_order_7_7_4,4.5,1.0,1.0,7,7,4,F2,-199.462596753,-199.532431,0.06983424699998864,69.83424699998864
4.5_1_1_order_7_7_4,4.5,1.0,1.0,7,7,4,HF,-100.433494408312,-100.460908,0.027413591688002725,27.413591688002725
4.5_1_1_order_7_7_4,4.5,1.0,1.0,7,7,4,NH2,-55.855699251255,-55.880866,0.02516674874500069,25.16674874500069
4.5_1_1_order_7_7_4,4.5,1.0,1.0,7,7,4,NH3,-56.53527736171,-56.564955,0.029677638289996366,29.677638289996366
4.5_1_1_order_7_7_6,4.5,1.0,1.0,7,7,6,CH3,-39.817829665127,-39.836136,0.01830633487300304,18.30633487300304
4.5_1_1_order_7_7_6,4.5,1.0,1.0,7,7,6,F2,-199.466947607681,-199.532431,0.06548339231900968,65.48339231900968
4.5_1_1_order_7_7_6,4.5,1.0,1.0,7,7,6,HF,-100.430781869956,-100.460908,0.030126130044010324,30.126130044010324
4.5_1_1_order_7_7_6,4.5,1.0,1.0,7,7,6,NH2,-55.856743695654,-55.880866,0.02412230434599394,24.12230434599394
4.5_1_1_order_7_7_6,4.5,1.0,1.0,7,7,6,NH3,-56.571104295498,-56.564955,-0.006149295498005358,-6.149295498005358
4.5_1_1_order_9_5_2,4.5,1.0,1.0,9,5,2,CH3,-39.811707748791,-39.836136,0.024428251209002383,24.428251209002383
4.5_1_1_order_9_5_2,4.5,1.0,1.0,9,5,2,F2,-199.432230141868,-199.532431,0.10020085813201263,100.20085813201263
4.5_1_1_order_9_5_2,4.5,1.0,1.0,9,5,2,HF,-100.411905234872,-100.460908,0.04900276512800872,49.00276512800872
4.5_1_1_order_9_5_2,4.5,1.0,1.0,9,5,2,NH2,-55.847924231705,-55.880866,0.03294176829499662,32.94176829499662
4.5_1_1_order_9_5_2,4.5,1.0,1.0,9,5,2,NH3,-56.526876991968,-56.564955,0.038078008031995125,38.078008031995125
4.5_1_1_order_9_5_4,4.5,1.0,1.0,9,5,4,CH3,-39.817068121822,-39.836136,0.01906787817800648,19.06787817800648
4.5_1_1_order_9_5_4,4.5,1.0,1.0,9,5,4,F2,-199.462117616951,-199.532431,0.07031338304901169,70.31338304901169
4.5_1_1_order_9_5_4,4.5,1.0,1.0,9,5,4,HF,-100.433272889238,-100.460908,0.027635110762005866,27.635110762005866
4.5_1_1_order_9_5_4,4.5,1.0,1.0,9,5,4,NH2,-55.855449090819,-55.880866,0.025416909180997038,25.416909180997038
4.5_1_1_order_9_5_4,4.5,1.0,1.0,9,5,4,NH3,-56.535245429775,-56.564955,0.029709570224994764,29.709570224994764
4.5_1_1_order_9_7_2,4.5,1.0,1.0,9,7,2,CH3,-39.811742839847,-39.836136,0.024393160153003635,24.393160153003635
4.5_1_1_order_9_7_2,4.5,1.0,1.0,9,7,2,F2,-199.432254417593,-199.532431,0.10017658240701621,100.17658240701621
4.5_1_1_order_9_7_2,4.5,1.0,1.0,9,7,2,HF,-100.411937557316,-100.460908,0.048970442684009186,48.970442684009186
4.5_1_1_order_9_7_2,4.5,1.0,1.0,9,7,2,NH2,-55.847971134984,-55.880866,0.032894865015997254,32.894865015997254
4.5_1_1_order_9_7_2,4.5,1.0,1.0,9,7,2,NH3,-56.526974076525,-56.564955,0.03798092347499704,37.98092347499704
4.5_1_1_order_9_7_4,4.5,1.0,1.0,9,7,4,CH3,-39.817307634177,-39.836136,0.018828365823004845,18.828365823004845
4.5_1_1_order_9_7_4,4.5,1.0,1.0,9,7,4,F2,-199.462612673969,-199.532431,0.06981832603099747,69.81832603099747
4.5_1_1_order_9_7_4,4.5,1.0,1.0,9,7,4,HF,-100.428202940521,-100.460908,0.03270505947899949,32.70505947899949
4.5_1_1_order_9_7_4,4.5,1.0,1.0,9,7,4,NH2,-55.855715829626,-55.880866,0.025150170373997582,25.150170373997582
4.5_1_1_order_9_7_4,4.5,1.0,1.0,9,7,4,NH3,-56.535188224465,-56.564955,0.02976677553499485,29.76677553499485
4.5_1_1_order_9_7_6,4.5,1.0,1.0,9,7,6,CH3,-39.817835862341,-39.836136,0.01830013765900418,18.30013765900418
4.5_1_1_order_9_7_6,4.5,1.0,1.0,9,7,6,F2,-199.467543010956,-199.532431,0.06488798904399573,64.88798904399573
4.5_1_1_order_9_7_6,4.5,1.0,1.0,9,7,6,HF,-100.437886736418,-100.460908,0.02302126358200951,23.02126358200951
4.5_1_1_order_9_7_6,4.5,1.0,1.0,9,7,6,NH2,-55.856802452065,-55.880866,0.02406354793500043,24.06354793500043
4.5_1_1_order_9_7_6,4.5,1.0,1.0,9,7,6,NH3,-56.536532433283,-56.564955,0.02842256671699772,28.42256671699772
4.5_1_1_order_9_9_2,4.5,1.0,1.0,9,9,2,CH3,-39.81177428041,-39.836136,0.024361719590004327,24.361719590004327
4.5_1_1_order_9_9_2,4.5,1.0,1.0,9,9,2,F2,-199.432412652548,-199.532431,0.1000183474519929,100.0183474519929
4.5_1_1_order_9_9_2,4.5,1.0,1.0,9,9,2,HF,-100.411899872099,-100.460908,0.04900812790100417,49.00812790100417
4.5_1_1_order_9_9_2,4.5,1.0,1.0,9,9,2,NH2,-55.847991757692,-55.880866,0.03287424230799729,32.87424230799729
4.5_1_1_order_9_9_2,4.5,1.0,1.0,9,9,2,NH3,-56.527037631616,-56.564955,0.03791736838400084,37.91736838400084
4.5_1_1_order_9_9_4,4.5,1.0,1.0,9,9,4,CH3,-39.817251264209,-39.836136,0.018884735791004914,18.884735791004914
4.5_1_1_order_9_9_4,4.5,1.0,1.0,9,9,4,F2,-199.46278708905,-199.532431,0.069643910949992,69.643910949992
4.5_1_1_order_9_9_4,4.5,1.0,1.0,9,9,4,HF,-100.428325847455,-100.460908,0.03258215254500385,32.58215254500385
4.5_1_1_order_9_9_4,4.5,1.0,1.0,9,9,4,NH2,-55.855721510571,-55.880866,0.025144489428996053,25.144489428996053
4.5_1_1_order_9_9_4,4.5,1.0,1.0,9,9,4,NH3,-56.535339253229,-56.564955,0.029615746771000317,29.615746771000317
4.5_1_1_order_9_9_6,4.5,1.0,1.0,9,9,6,CH3,-39.817910386193,-39.836136,0.018225613807004493,18.225613807004493
4.5_1_1_order_9_9_6,4.5,1.0,1.0,9,9,6,F2,-199.467609121308,-199.532431,0.06482187869201539,64.82187869201539
4.5_1_1_order_9_9_6,4.5,1.0,1.0,9,9,6,HF,-100.430862690809,-100.460908,0.030045309191010006,30.045309191010006
4.5_1_1_order_9_9_6,4.5,1.0,1.0,9,9,6,NH2,-55.856782139739,-55.880866,0.024083860260994072,24.083860260994072
4.5_1_1_order_9_9_6,4.5,1.0,1.0,9,9,6,NH3,-56.566036057317,-56.564955,-0.001081057317001921,-1.081057317001921
4.5_1_2_order_5_5_2,4.5,1.0,2.0,5,5,2,CH3,-39.815449546475,-39.836136,0.02068645352500198,20.68645352500198
4.5_1_2_order_5_5_2,4.5,1.0,2.0,5,5,2,F2,-199.470783854113,-199.532431,0.06164714588700804,61.64714588700804
4.5_1_2_order_5_5_2,4.5,1.0,2.0,5,5,2,HF,-100.429252350252,-100.460908,0.03165564974800361,31.65564974800361
4.5_1_2_order_5_5_2,4.5,1.0,2.0,5,5,2,NH2,-55.854509995012,-55.880866,0.026356004987995618,26.356004987995618
4.5_1_2_order_5_5_2,4.5,1.0,2.0,5,5,2,NH3,-56.534614276981,-56.564955,0.03034072301899471,30.34072301899471
4.5_1_2_order_5_5_4,4.5,1.0,2.0,5,5,4,CH3,-39.826229686146,-39.836136,0.009906313854003201,9.906313854003201
4.5_1_2_order_5_5_4,4.5,1.0,2.0,5,5,4,F2,-199.496929476856,-199.532431,0.03550152314400634,35.50152314400634
4.5_1_2_order_5_5_4,4.5,1.0,2.0,5,5,4,HF,-100.446079560104,-100.460908,0.01482843989600724,14.82843989600724
4.5_1_2_order_5_5_4,4.5,1.0,2.0,5,5,4,NH2,-55.867765386351,-55.880866,0.013100613648994397,13.100613648994397
4.5_1_2_order_5_5_4,4.5,1.0,2.0,5,5,4,NH3,-56.54971145087,-56.564955,0.015243549129998257,15.243549129998257
4.5_1_2_order_7_5_2,4.5,1.0,2.0,7,5,2,CH3,-39.813272625958,-39.836136,0.02286337404200367,22.86337404200367
4.5_1_2_order_7_5_2,4.5,1.0,2.0,7,5,2,F2,-199.436725126825,-199.532431,0.09570587317500667,95.70587317500667
4.5_1_2_order_7_5_2,4.5,1.0,2.0,7,5,2,HF,-100.413732869777,-100.460908,0.04717513022301034,47.17513022301034
4.5_1_2_order_7_5_2,4.5,1.0,2.0,7,5,2,NH2,-55.850004252469,-55.880866,0.030861747530998684,30.861747530998684
4.5_1_2_order_7_5_2,4.5,1.0,2.0,7,5,2,NH3,-56.529410675968,-56.564955,0.0355443240319957,35.5443240319957
4.5_1_2_order_7_5_4,4.5,1.0,2.0,7,5,4,CH3,-39.826442399368,-39.836136,0.009693600632004973,9.693600632004973
4.5_1_2_order_7_5_4,4.5,1.0,2.0,7,5,4,F2,-199.495957427532,-199.532431,0.03647357246799743,36.47357246799743
4.5_1_2_order_7_5_4,4.5,1.0,2.0,7,5,4,HF,-100.446094551465,-100.460908,0.014813448535008433,14.813448535008433
4.5_1_2_order_7_5_4,4.5,1.0,2.0,7,5,4,NH2,-55.867942324202,-55.880866,0.012923675797999579,12.923675797999579
4.5_1_2_order_7_5_4,4.5,1.0,2.0,7,5,4,NH3,-56.549795558822,-56.564955,0.01515944117799961,15.15944117799961
4.5_1_2_order_7_7_2,4.5,1.0,2.0,7,7,2,CH3,-39.813275697899,-39.836136,0.02286030210100165,22.86030210100165
4.5_1_2_order_7_7_2,4.5,1.0,2.0,7,7,2,F2,-199.436884607676,-199.532431,0.09554639232399609,95.54639232399609
4.5_1_2_order_7_7_2,4.5,1.0,2.0,7,7,2,HF,-100.413806238135,-100.460908,0.04710176186500803,47.10176186500803
4.5_1_2_order_7_7_2,4.5,1.0,2.0,7,7,2,NH2,-55.849921891014,-55.880866,0.030944108985998753,30.944108985998753
4.5_1_2_order_7_7_2,4.5,1.0,2.0,7,7,2,NH3,-56.529443194878,-56.564955,0.03551180512199892,35.51180512199892
4.5_1_2_order_7_7_4,4.5,1.0,2.0,7,7,4,CH3,-39.826379572008,-39.836136,0.009756427992002159,9.756427992002159
4.5_1_2_order_7_7_4,4.5,1.0,2.0,7,7,4,F2,-199.495642115727,-199.532431,0.03678888427299398,36.78888427299398
4.5_1_2_order_7_7_4,4.5,1.0,2.0,7,7,4,HF,-100.445945505751,-100.460908,0.014962494249004976,14.962494249004976
4.5_1_2_order_7_7_4,4.5,1.0,2.0,7,7,4,NH2,-55.868003350104,-55.880866,0.012862649896000278,12.862649896000278
4.5_1_2_order_7_7_4,4.5,1.0,2.0,7,7,4,NH3,-56.549833670833,-56.564955,0.015121329166994713,15.121329166994713
4.5_1_2_order_7_7_6,4.5,1.0,2.0,7,7,6,CH3,-39.828625154518,-39.836136,0.007510845482002537,7.510845482002537
4.5_1_2_order_7_7_6,4.5,1.0,2.0,7,7,6,F2,-199.499912259778,-199.532431,0.03251874022200241,32.51874022200241
4.5_1_2_order_7_7_6,4.5,1.0,2.0,7,7,6,HF,-100.449133053835,-100.460908,0.011774946165004962,11.774946165004962
4.5_1_2_order_7_7_6,4.5,1.0,2.0,7,7,6,NH2,-55.8704704187,-55.880866,0.010395581299995627,10.395581299995627
4.5_1_2_order_7_7_6,4.5,1.0,2.0,7,7,6,NH3,-56.55252104787,-56.564955,0.012433952129995873,12.433952129995873
4.5_1_2_order_9_5_2,4.5,1.0,2.0,9,5,2,CH3,-39.813182973504,-39.836136,0.022953026496004725,22.953026496004725
4.5_1_2_order_9_5_2,4.5,1.0,2.0,9,5,2,F2,-199.43340264865,-199.532431,0.09902835135000032,99.02835135000032
4.5_1_2_order_9_5_2,4.5,1.0,2.0,9,5,2,HF,-100.412591024473,-100.460908,0.048316975527001205,48.316975527001205
4.5_1_2_order_9_5_2,4.5,1.0,2.0,9,5,2,NH2,-55.849664271486,-55.880866,0.031201728513998717,31.201728513998717
4.5_1_2_order_9_5_2,4.5,1.0,2.0,9,5,2,NH3,-56.52913236061,-56.564955,0.0358226393899983,35.8226393899983
4.5_1_2_order_9_5_4,4.5,1.0,2.0,9,5,4,CH3,-39.826350793981,-39.836136,0.009785206019003567,9.785206019003567
4.5_1_2_order_9_5_4,4.5,1.0,2.0,9,5,4,F2,-199.495813102156,-199.532431,0.03661789784399616,36.61789784399616
4.5_1_2_order_9_5_4,4.5,1.0,2.0,9,5,4,HF,-100.446093794071,-100.460908,0.014814205928999513,14.814205928999513
4.5_1_2_order_9_5_4,4.5,1.0,2.0,9,5,4,NH2,-55.867898584562,-55.880866,0.012967415437998397,12.967415437998397
4.5_1_2_order_9_5_4,4.5,1.0,2.0,9,5,4,NH3,-56.549786449087,-56.564955,0.015168550912996182,15.168550912996182
4.5_1_2_order_9_7_2,4.5,1.0,2.0,9,7,2,CH3,-39.813208581828,-39.836136,0.022927418172002945,22.927418172002945
4.5_1_2_order_9_7_2,4.5,1.0,2.0,9,7,2,F2,-199.433415763458,-199.532431,0.09901523654201583,99.01523654201583
4.5_1_2_order_9_7_2,4.5,1.0,2.0,9,7,2,HF,-100.412799083113,-100.460908,0.048108916887002806,48.108916887002806
4.5_1_2_order_9_7_2,4.5,1.0,2.0,9,7,2,NH2,-55.849765528516,-55.880866,0.031100471483995307,31.100471483995307
4.5_1_2_order_9_7_2,4.5,1.0,2.0,9,7,2,NH3,-56.529157619667,-56.564955,0.03579738033300117,35.79738033300117
4.5_1_2_order_9_7_4,4.5,1.0,2.0,9,7,4,CH3,-39.826380240636,-39.836136,0.009755759364004746,9.755759364004746
4.5_1_2_order_9_7_4,4.5,1.0,2.0,9,7,4,F2,-199.495423000612,-199.532431,0.037007999388009694,37.007999388009694
4.5_1_2_order_9_7_4,4.5,1.0,2.0,9,7,4,HF,-100.445561365759,-100.460908,0.015346634240998469,15.346634240998469
4.5_1_2_order_9_7_4,4.5,1.0,2.0,9,7,4,NH2,-55.867989756511,-55.880866,0.012876243488996408,12.876243488996408
4.5_1_2_order_9_7_4,4.5,1.0,2.0,9,7,4,NH3,-56.549827999483,-56.564955,0.015127000516997668,15.127000516997668
4.5_1_2_order_9_7_6,4.5,1.0,2.0,9,7,6,CH3,-39.828571233554,-39.836136,0.007564766446002125,7.564766446002125
4.5_1_2_order_9_7_6,4.5,1.0,2.0,9,7,6,F2,-199.499858265736,-199.532431,0.03257273426399365,32.57273426399365
4.5_1_2_order_9_7_6,4.5,1.0,2.0,9,7,6,HF,-100.449234874455,-100.460908,0.011673125545001994,11.673125545001994
4.5_1_2_order_9_7_6,4.5,1.0,2.0,9,7,6,NH2,-55.870610518513,-55.880866,0.010255481487000395,10.255481487000395
4.5_1_2_order_9_7_6,4.5,1.0,2.0,9,7,6,NH3,-56.552672817635,-56.564955,0.012282182364998562,12.282182364998562
4.5_1_2_order_9_9_2,4.5,1.0,2.0,9,9,2,CH3,-39.813276547949,-39.836136,0.022859452051001483,22.859452051001483
4.5_1_2_order_9_9_2,4.5,1.0,2.0,9,9,2,F2,-199.433530821915,-199.532431,0.09890017808498897,98.90017808498897
4.5_1_2_order_9_9_2,4.5,1.0,2.0,9,9,2,HF,-100.412715027563,-100.460908,0.0481929724370076,48.1929724370076
4.5_1_2_order_9_9_2,4.5,1.0,2.0,9,9,2,NH2,-55.8497161094,-55.880866,0.031149890599998287,31.149890599998287
4.5_1_2_order_9_9_2,4.5,1.0,2.0,9,9,2,NH3,-56.529200854251,-56.564955,0.035754145748995825,35.754145748995825
4.5_1_2_order_9_9_4,4.5,1.0,2.0,9,9,4,CH3,-39.826488975387,-39.836136,0.009647024613002486,9.647024613002486
4.5_1_2_order_9_9_4,4.5,1.0,2.0,9,9,4,F2,-199.495366996055,-199.532431,0.0370640039450052,37.0640039450052
4.5_1_2_order_9_9_4,4.5,1.0,2.0,9,9,4,HF,-100.445736908477,-100.460908,0.015171091523001223,15.171091523001223
4.5_1_2_order_9_9_4,4.5,1.0,2.0,9,9,4,NH2,-55.867974616734,-55.880866,0.012891383265994705,12.891383265994705
4.5_1_2_order_9_9_4,4.5,1.0,2.0,9,9,4,NH3,-56.549780247237,-56.564955,0.01517475276299507,15.17475276299507
4.5_1_2_order_9_9_6,4.5,1.0,2.0,9,9,6,CH3,-39.828680077548,-39.836136,0.007455922452002994,7.455922452002994
4.5_1_2_order_9_9_6,4.5,1.0,2.0,9,9,6,F2,-199.500048644288,-199.532431,0.03238235571200221,32.38235571200221
4.5_1_2_order_9_9_6,4.5,1.0,2.0,9,9,6,HF,-100.449130880814,-100.460908,0.011777119186007212,11.777119186007212
4.5_1_2_order_9_9_6,4.5,1.0,2.0,9,9,6,NH2,-55.870779219881,-55.880866,0.01008678011899633,10.08678011899633
4.5_1_2_order_9_9_6,4.5,1.0,2.0,9,9,6,NH3,-56.552769522193,-56.564955,0.012185477806994527,12.185477806994527
4.5_2_0_order_5_5_0,4.5,2.0,0.0,5,5,0,CH3,-39.81642087068,-39.836136,0.019715129320005076,19.715129320005076
4.5_2_0_order_5_5_0,4.5,2.0,0.0,5,5,0,F2,-199.475601638337,-199.532431,0.056829361663005784,56.829361663005784
4.5_2_0_order_5_5_0,4.5,2.0,0.0,5,5,0,HF,-100.429498126799,-100.460908,0.03140987320099953,31.409873200999527
4.5_2_0_order_5_5_0,4.5,2.0,0.0,5,5,0,NH2,-55.854910190949,-55.880866,0.02595580905099837,25.95580905099837
4.5_2_0_order_5_5_0,4.5,2.0,0.0,5,5,0,NH3,-56.534994409142,-56.564955,0.029960590857996294,29.960590857996294
4.5_2_0_order_5_7_0,4.5,2.0,0.0,5,7,0,CH3,-39.81634370222,-39.836136,0.019792297780000467,19.792297780000467
4.5_2_0_order_5_7_0,4.5,2.0,0.0,5,7,0,F2,-199.475243688955,-199.532431,0.05718731104499852,57.18731104499852
4.5_2_0_order_5_7_0,4.5,2.0,0.0,5,7,0,HF,-100.429432544415,-100.460908,0.03147545558501008,31.47545558501008
4.5_2_0_order_5_7_0,4.5,2.0,0.0,5,7,0,NH2,-55.854892647884,-55.880866,0.025973352115997272,25.973352115997272
4.5_2_0_order_5_7_0,4.5,2.0,0.0,5,7,0,NH3,-56.534983550168,-56.564955,0.029971449831997177,29.971449831997177
4.5_2_0_order_5_9_0,4.5,2.0,0.0,5,9,0,CH3,-39.816301026667,-39.836136,0.01983497333300477,19.83497333300477
4.5_2_0_order_5_9_0,4.5,2.0,0.0,5,9,0,F2,-199.474833659458,-199.532431,0.05759734054200294,57.59734054200294
4.5_2_0_order_5_9_0,4.5,2.0,0.0,5,9,0,HF,-100.429375466014,-100.460908,0.031532533986009526,31.532533986009526
4.5_2_0_order_5_9_0,4.5,2.0,0.0,5,9,0,NH2,-55.854858688829,-55.880866,0.02600731117099997,26.00731117099997
4.5_2_0_order_5_9_0,4.5,2.0,0.0,5,9,0,NH3,-56.534918999169,-56.564955,0.030036000830996556,30.036000830996556
4.5_2_0_order_7_5_0,4.5,2.0,0.0,7,5,0,CH3,-39.814139193944,-39.836136,0.02199680605600207,21.99680605600207
4.5_2_0_order_7_5_0,4.5,2.0,0.0,7,5,0,F2,-199.437947340871,-199.532431,0.09448365912899703,94.48365912899703
4.5_2_0_order_7_5_0,4.5,2.0,0.0,7,5,0,HF,-100.414270475404,-100.460908,0.046637524596008006,46.63752459600801
4.5_2_0_order_7_5_0,4.5,2.0,0.0,7,5,0,NH2,-55.85033152159,-55.880866,0.030534478409997234,30.534478409997234
4.5_2_0_order_7_5_0,4.5,2.0,0.0,7,5,0,NH3,-56.52982706297,-56.564955,0.035127937029997724,35.127937029997724
4.5_2_0_order_7_7_0,4.5,2.0,0.0,7,7,0,CH3,-39.814060290288,-39.836136,0.022075709712005676,22.075709712005676
4.5_2_0_order_7_7_0,4.5,2.0,0.0,7,7,0,F2,-199.437978079357,-199.532431,0.09445292064299338,94.45292064299338
4.5_2_0_order_7_7_0,4.5,2.0,0.0,7,7,0,HF,-100.414092287037,-100.460908,0.046815712963010014,46.815712963010014
4.5_2_0_order_7_7_0,4.5,2.0,0.0,7,7,0,NH2,-55.850301759333,-55.880866,0.030564240666997478,30.564240666997478
4.5_2_0_order_7_7_0,4.5,2.0,0.0,7,7,0,NH3,-56.529827427547,-56.564955,0.0351275724529998,35.1275724529998
4.5_2_0_order_7_9_0,4.5,2.0,0.0,7,9,0,CH3,-39.814104965181,-39.836136,0.02203103481900115,22.03103481900115
4.5_2_0_order_7_9_0,4.5,2.0,0.0,7,9,0,F2,-199.438031432784,-199.532431,0.09439956721601561,94.39956721601561
4.5_2_0_order_7_9_0,4.5,2.0,0.0,7,9,0,HF,-100.414178128123,-100.460908,0.04672987187700528,46.72987187700528
4.5_2_0_order_7_9_0,4.5,2.0,0.0,7,9,0,NH2,-55.850276912046,-55.880866,0.030589087953998728,30.589087953998728
4.5_2_0_order_7_9_0,4.5,2.0,0.0,7,9,0,NH3,-56.529835474278,-56.564955,0.035119525721995615,35.119525721995615
4.5_2_0_order_9_5_0,4.5,2.0,0.0,9,5,0,CH3,-39.814104696975,-39.836136,0.022031303025002558,22.031303025002558
4.5_2_0_order_9_5_0,4.5,2.0,0.0,9,5,0,F2,-199.435425020597,-199.532431,0.09700597940300781,97.00597940300781
4.5_2_0_order_9_5_0,4.5,2.0,0.0,9,5,0,HF,-100.412979908826,-100.460908,0.04792809117400054,47.92809117400054
4.5_2_0_order_9_5_0,4.5,2.0,0.0,9,5,0,NH2,-55.850153968669,-55.880866,0.030712031330999423,30.712031330999423
4.5_2_0_order_9_5_0,4.5,2.0,0.0,9,5,0,NH3,-56.529656118995,-56.564955,0.035298881004997895,35.298881004997895
4.5_2_0_order_9_7_0,4.5,2.0,0.0,9,7,0,CH3,-39.813923632138,-39.836136,0.022212367862003646,22.212367862003646
4.5_2_0_order_9_7_0,4.5,2.0,0.0,9,7,0,F2,-199.435124087716,-199.532431,0.09730691228401156,97.30691228401156
4.5_2_0_order_9_7_0,4.5,2.0,0.0,9,7,0,HF,-100.412802306151,-100.460908,0.04810569384900987,48.10569384900987
4.5_2_0_order_9_7_0,4.5,2.0,0.0,9,7,0,NH2,-55.850047402031,-55.880866,0.03081859796899522,30.81859796899522
4.5_2_0_order_9_7_0,4.5,2.0,0.0,9,7,0,NH3,-56.529633270182,-56.564955,0.035321729817994196,35.321729817994196
4.5_2_0_order_9_9_0,4.5,2.0,0.0,9,9,0,CH3,-39.81402396073,-39.836136,0.022112039270005823,22.112039270005823
4.5_2_0_order_9_9_0,4.5,2.0,0.0,9,9,0,F2,-199.435163284022,-199.532431,0.09726771597800621,97.26771597800621
4.5_2_0_order_9_9_0,4.5,2.0,0.0,9,9,0,HF,-100.412732078851,-100.460908,0.04817592114901004,48.17592114901004
4.5_2_0_order_9_9_0,4.5,2.0,0.0,9,9,0,NH2,-55.850036456257,-55.880866,0.03082954374299618,30.82954374299618
4.5_2_0_order_9_9_0,4.5,2.0,0.0,9,9,0,NH3,-56.529608783867,-56.564955,0.03534621613300004,35.34621613300004
4.5_2_1_order_5_5_2,4.5,2.0,1.0,5,5,2,CH3,-39.817374095047,-39.836136,0.018761904953002784,18.761904953002784
4.5_2_1_order_5_5_2,4.5,2.0,1.0,5,5,2,F2,-199.475855154446,-199.532431,0.05657584555399353,56.57584555399353
4.5_2_1_order_5_5_2,4.5,2.0,1.0,5,5,2,HF,-100.429728903987,-100.460908,0.031179096013005392,31.179096013005392
4.5_2_1_order_5_5_2,4.5,2.0,1.0,5,5,2,NH2,-55.855448104228,-55.880866,0.02541789577199438,25.41789577199438
4.5_2_1_order_5_5_2,4.5,2.0,1.0,5,5,2,NH3,-56.535390144777,-56.564955,0.029564855223000563,29.564855223000563
4.5_2_1_order_5_5_4,4.5,2.0,1.0,5,5,4,CH3,-39.820294857058,-39.836136,0.01584114294200134,15.84114294200134
4.5_2_1_order_5_5_4,4.5,2.0,1.0,5,5,4,F2,-199.465801256784,-199.532431,0.0666297432159979,66.6297432159979
4.5_2_1_order_5_5_4,4.5,2.0,1.0,5,5,4,HF,-100.428353715898,-100.460908,0.032554284102005226,32.55428410200523
4.5_2_1_order_5_5_4,4.5,2.0,1.0,5,5,4,NH2,-55.8578828661,-55.880866,0.02298313389999862,22.98313389999862
4.5_2_1_order_5_5_4,4.5,2.0,1.0,5,5,4,NH3,-56.537878072541,-56.564955,0.027076927458999478,27.076927458999478
4.5_2_1_order_7_5_2,4.5,2.0,1.0,7,5,2,CH3,-39.814774572207,-39.836136,0.02136142779300343,21.36142779300343
4.5_2_1_order_7_5_2,4.5,2.0,1.0,7,5,2,F2,-199.437035784943,-199.532431,0.09539521505701032,95.39521505701032
4.5_2_1_order_7_5_2,4.5,2.0,1.0,7,5,2,HF,-100.413779761657,-100.460908,0.0471282383430065,47.1282383430065
4.5_2_1_order_7_5_2,4.5,2.0,1.0,7,5,2,NH2,-55.850413412057,-55.880866,0.03045258794299599,30.45258794299599
4.5_2_1_order_7_5_2,4.5,2.0,1.0,7,5,2,NH3,-56.529874858559,-56.564955,0.03508014144100002,35.08014144100002
4.5_2_1_order_7_5_4,4.5,2.0,1.0,7,5,4,CH3,-39.820032196216,-39.836136,0.016103803784005777,16.103803784005777
4.5_2_1_order_7_5_4,4.5,2.0,1.0,7,5,4,F2,-199.464766364763,-199.532431,0.0676646352370085,67.6646352370085
4.5_2_1_order_7_5_4,4.5,2.0,1.0,7,5,4,HF,-100.428766681834,-100.460908,0.032141318165997745,32.141318165997745
4.5_2_1_order_7_5_4,4.5,2.0,1.0,7,5,4,NH2,-55.871585968482,-55.880866,0.009280031517995724,9.280031517995724
4.5_2_1_order_7_5_4,4.5,2.0,1.0,7,5,4,NH3,-56.537981876169,-56.564955,0.026973123830998702,26.973123830998702
4.5_2_1_order_7_7_2,4.5,2.0,1.0,7,7,2,CH3,-39.814667811559,-39.836136,0.02146818844100551,21.46818844100551
4.5_2_1_order_7_7_2,4.5,2.0,1.0,7,7,2,F2,-199.437102530143,-199.532431,0.09532846985700871,95.32846985700871
4.5_2_1_order_7_7_2,4.5,2.0,1.0,7,7,2,HF,-100.413732739296,-100.460908,0.04717526070400879,47.17526070400879
4.5_2_1_order_7_7_2,4.5,2.0,1.0,7,7,2,NH2,-55.850519079169,-55.880866,0.030346920831000546,30.346920831000546
4.5_2_1_order_7_7_2,4.5,2.0,1.0,7,7,2,NH3,-56.529953191157,-56.564955,0.03500180884299908,35.00180884299908
4.5_2_1_order_7_7_4,4.5,2.0,1.0,7,7,4,CH3,-39.820248199928,-39.836136,0.015887800072000857,15.887800072000857
4.5_2_1_order_7_7_4,4.5,2.0,1.0,7,7,4,F2,-199.46479866338,-199.532431,0.0676323366199938,67.6323366199938
4.5_2_1_order_7_7_4,4.5,2.0,1.0,7,7,4,HF,-100.428698611026,-100.460908,0.03220938897401027,32.20938897401027
4.5_2_1_order_7_7_4,4.5,2.0,1.0,7,7,4,NH2,-55.857953987846,-55.880866,0.022912012153994965,22.912012153994965
4.5_2_1_order_7_7_4,4.5,2.0,1.0,7,7,4,NH3,-56.538082194342,-56.564955,0.026872805657994547,26.872805657994547
4.5_2_1_order_7_7_6,4.5,2.0,1.0,7,7,6,CH3,-39.821328216287,-39.836136,0.014807783713003175,14.807783713003175
4.5_2_1_order_7_7_6,4.5,2.0,1.0,7,7,6,F2,-199.472847495383,-199.532431,0.05958350461699524,59.58350461699524
4.5_2_1_order_7_7_6,4.5,2.0,1.0,7,7,6,HF,-100.434418984003,-100.460908,0.02648901599700082,26.48901599700082
4.5_2_1_order_7_7_6,4.5,2.0,1.0,7,7,6,NH2,-55.85989376722,-55.880866,0.020972232779996602,20.972232779996602
4.5_2_1_order_7_7_6,4.5,2.0,1.0,7,7,6,NH3,-56.540268705521,-56.564955,0.02468629447899673,24.68629447899673
4.5_2_1_order_9_5_2,4.5,2.0,1.0,9,5,2,CH3,-39.814522993916,-39.836136,0.02161300608400296,21.61300608400296
4.5_2_1_order_9_5_2,4.5,2.0,1.0,9,5,2,F2,-199.434392283359,-199.532431,0.09803871664101393,98.03871664101393
4.5_2_1_order_9_5_2,4.5,2.0,1.0,9,5,2,HF,-100.412499764253,-100.460908,0.04840823574700437,48.40823574700437
4.5_2_1_order_9_5_2,4.5,2.0,1.0,9,5,2,NH2,-55.850218895054,-55.880866,0.03064710494599865,30.64710494599865
4.5_2_1_order_9_5_2,4.5,2.0,1.0,9,5,2,NH3,-56.529704997591,-56.564955,0.03525000240900056,35.25000240900056
4.5_2_1_order_9_5_4,4.5,2.0,1.0,9,5,4,CH3,-39.820151936191,-39.836136,0.015984063809000304,15.984063809000304
4.5_2_1_order_9_5_4,4.5,2.0,1.0,9,5,4,F2,-199.465021793,-199.532431,0.0674092069999972,67.4092069999972
4.5_2_1_order_9_5_4,4.5,2.0,1.0,9,5,4,HF,-100.428571572359,-100.460908,0.03233642764099898,32.33642764099898
4.5_2_1_order_9_5_4,4.5,2.0,1.0,9,5,4,NH2,-55.857915430652,-55.880866,0.022950569347997885,22.950569347997885
4.5_2_1_order_9_5_4,4.5,2.0,1.0,9,5,4,NH3,-56.538069250724,-56.564955,0.02688574927599774,26.88574927599774
4.5_2_1_order_9_7_2,4.5,2.0,1.0,9,7,2,CH3,-39.814669043764,-39.836136,0.021466956236004364,21.466956236004364
4.5_2_1_order_9_7_2,4.5,2.0,1.0,9,7,2,F2,-199.43472244529,-199.532431,0.09770855471001028,97.70855471001028
4.5_2_1_order_9_7_2,4.5,2.0,1.0,9,7,2,HF,-100.412508595563,-100.460908,0.04839940443700641,48.39940443700641
4.5_2_1_order_9_7_2,4.5,2.0,1.0,9,7,2,NH2,-55.850244570134,-55.880866,0.030621429865995253,30.621429865995253
4.5_2_1_order_9_7_2,4.5,2.0,1.0,9,7,2,NH3,-56.529655822223,-56.564955,0.03529917777699865,35.29917777699865
4.5_2_1_order_9_7_4,4.5,2.0,1.0,9,7,4,CH3,-39.82032148911,-39.836136,0.015814510890002964,15.814510890002964
4.5_2_1_order_9_7_4,4.5,2.0,1.0,9,7,4,F2,-199.464962869124,-199.532431,0.06746813087599435,67.46813087599435
4.5_2_1_order_9_7_4,4.5,2.0,1.0,9,7,4,HF,-100.428661080164,-100.460908,0.032246919835998256,32.246919835998256
4.5_2_1_order_9_7_4,4.5,2.0,1.0,9,7,4,NH2,-55.858004619236,-55.880866,0.022861380763998795,22.861380763998795
4.5_2_1_order_9_7_4,4.5,2.0,1.0,9,7,4,NH3,-56.538083616169,-56.564955,0.026871383831000628,26.871383831000628
4.5_2_1_order_9_7_6,4.5,2.0,1.0,9,7,6,CH3,-39.821338456942,-39.836136,0.01479754305800185,14.79754305800185
4.5_2_1_order_9_7_6,4.5,2.0,1.0,9,7,6,F2,-199.473281379233,-199.532431,0.05914962076701613,59.14962076701613
4.5_2_1_order_9_7_6,4.5,2.0,1.0,9,7,6,HF,-100.436294574376,-100.460908,0.024613425623996932,24.613425623996932
4.5_2_1_order_9_7_6,4.5,2.0,1.0,9,7,6,NH2,-55.859864303939,-55.880866,0.02100169606099911,21.00169606099911
4.5_2_1_order_9_7_6,4.5,2.0,1.0,9,7,6,NH3,-56.540321532925,-56.564955,0.024633467074998805,24.633467074998805
4.5_2_1_order_9_9_2,4.5,2.0,1.0,9,9,2,CH3,-39.814639222118,-39.836136,0.021496777882006768,21.496777882006768
4.5_2_1_order_9_9_2,4.5,2.0,1.0,9,9,2,F2,-199.434264077625,-199.532431,0.09816692237501456,98.16692237501456
4.5_2_1_order_9_9_2,4.5,2.0,1.0,9,9,2,HF,-100.412451268895,-100.460908,0.0484567311050057,48.4567311050057
4.5_2_1_order_9_9_2,4.5,2.0,1.0,9,9,2,NH2,-55.850180828558,-55.880866,0.030685171441994896,30.685171441994896
4.5_2_1_order_9_9_2,4.5,2.0,1.0,9,9,2,NH3,-56.529653531062,-56.564955,0.035301468937994684,35.301468937994684
4.5_2_1_order_9_9_4,4.5,2.0,1.0,9,9,4,CH3,-39.820413779562,-39.836136,0.015722220438000534,15.722220438000534
4.5_2_1_order_9_9_4,4.5,2.0,1.0,9,9,4,F2,-199.465580713201,-199.532431,0.06685028679899574,66.85028679899574
4.5_2_1_order_9_9_4,4.5,2.0,1.0,9,9,4,HF,-100.428877084753,-100.460908,0.032030915247005964,32.030915247005964
4.5_2_1_order_9_9_4,4.5,2.0,1.0,9,9,4,NH2,-55.858300891228,-55.880866,0.022565108771999576,22.565108771999576
4.5_2_1_order_9_9_4,4.5,2.0,1.0,9,9,4,NH3,-56.538560792642,-56.564955,0.02639420735799547,26.39420735799547
4.5_2_1_order_9_9_6,4.5,2.0,1.0,9,9,6,CH3,-39.821273441583,-39.836136,0.014862558417000571,14.862558417000571
4.5_2_1_order_9_9_6,4.5,2.0,1.0,9,9,6,F2,-199.472625380578,-199.532431,0.059805619422007794,59.805619422007794
4.5_2_1_order_9_9_6,4.5,2.0,1.0,9,9,6,HF,-100.436630627526,-100.460908,0.0242773724740033,24.2773724740033
4.5_2_1_order_9_9_6,4.5,2.0,1.0,9,9,6,NH2,-55.860058877414,-55.880866,0.020807122585999593,20.807122585999593
4.5_2_1_order_9_9_6,4.5,2.0,1.0,9,9,6,NH3,-56.540341341831,-56.564955,0.0246136581689953,24.6136581689953
4.5_2_2_order_5_5_2,4.5,2.0,2.0,5,5,2,CH3,-39.816021823042,-39.836136,0.020114176958003327,20.114176958003327
4.5_2_2_order_5_5_2,4.5,2.0,2.0,5,5,2,F2,-199.469672327639,-199.532431,0.06275867236101362,62.75867236101362
4.5_2_2_order_5_5_2,4.5,2.0,2.0,5,5,2,HF,-100.427361043508,-100.460908,0.03354695649200323,33.54695649200323
4.5_2_2_order_5_5_2,4.5,2.0,2.0,5,5,2,NH2,-55.854581151934,-55.880866,0.02628484806599829,26.28484806599829
4.5_2_2_order_5_5_2,4.5,2.0,2.0,5,5,2,NH3,-56.534669527542,-56.564955,0.030285472457997287,30.285472457997287
4.5_2_2_order_5_5_4,4.5,2.0,2.0,5,5,4,CH3,-39.82699641096,-39.836136,0.00913958904000367,9.13958904000367
4.5_2_2_order_5_5_4,4.5,2.0,2.0,5,5,4,F2,-199.496779809481,-199.532431,0.03565119051899046,35.65119051899046
4.5_2_2_order_5_5_4,4.5,2.0,2.0,5,5,4,HF,-100.44656154089,-100.460908,0.01434645911000132,14.34645911000132
4.5_2_2_order_5_5_4,4.5,2.0,2.0,5,5,4,NH2,-55.86859639863,-55.880866,0.012269601370000771,12.269601370000771
4.5_2_2_order_5_5_4,4.5,2.0,2.0,5,5,4,NH3,-56.55034474241,-56.564955,0.01461025759000023,14.61025759000023
4.5_2_2_order_7_5_2,4.5,2.0,2.0,7,5,2,CH3,-39.813864379541,-39.836136,0.02227162045900144,22.27162045900144
4.5_2_2_order_7_5_2,4.5,2.0,2.0,7,5,2,F2,-199.433494483734,-199.532431,0.09893651626600786,98.93651626600786
4.5_2_2_order_7_5_2,4.5,2.0,2.0,7,5,2,HF,-100.412461706926,-100.460908,0.04844629307400794,48.44629307400794
4.5_2_2_order_7_5_2,4.5,2.0,2.0,7,5,2,NH2,-55.850098361773,-55.880866,0.030767638226997462,30.767638226997462
4.5_2_2_order_7_5_2,4.5,2.0,2.0,7,5,2,NH3,-56.529663140175,-56.564955,0.035291859824994276,35.291859824994276
4.5_2_2_order_7_5_4,4.5,2.0,2.0,7,5,4,CH3,-39.82715773703,-39.836136,0.008978262970003925,8.978262970003925
4.5_2_2_order_7_5_4,4.5,2.0,2.0,7,5,4,F2,-199.496274321127,-199.532431,0.03615667887299878,36.15667887299878
4.5_2_2_order_7_5_4,4.5,2.0,2.0,7,5,4,HF,-100.446096948522,-100.460908,0.014811051478005766,14.811051478005766
4.5_2_2_order_7_5_4,4.5,2.0,2.0,7,5,4,NH2,-55.868771143947,-55.880866,0.01209485605299676,12.09485605299676
4.5_2_2_order_7_5_4,4.5,2.0,2.0,7,5,4,NH3,-56.550638031935,-56.564955,0.01431696806499616,14.31696806499616
4.5_2_2_order_7_7_2,4.5,2.0,2.0,7,7,2,CH3,-39.81377620323,-39.836136,0.022359796770004436,22.359796770004436
4.5_2_2_order_7_7_2,4.5,2.0,2.0,7,7,2,F2,-199.433492941023,-199.532431,0.09893805897701213,98.93805897701213
4.5_2_2_order_7_7_2,4.5,2.0,2.0,7,7,2,HF,-100.412328430259,-100.460908,0.0485795697410083,48.5795697410083
4.5_2_2_order_7_7_2,4.5,2.0,2.0,7,7,2,NH2,-55.850024510649,-55.880866,0.03084148935099762,30.84148935099762
4.5_2_2_order_7_7_2,4.5,2.0,2.0,7,7,2,NH3,-56.529500864738,-56.564955,0.035454135262000364,35.454135262000364
4.5_2_2_order_7_7_4,4.5,2.0,2.0,7,7,4,CH3,-39.827367555954,-39.836136,0.008768444046005186,8.768444046005186
4.5_2_2_order_7_7_4,4.5,2.0,2.0,7,7,4,F2,-199.496170212694,-199.532431,0.03626078730599147,36.26078730599147
4.5_2_2_order_7_7_4,4.5,2.0,2.0,7,7,4,HF,-100.446271969285,-100.460908,0.014636030715010406,14.636030715010406
4.5_2_2_order_7_7_4,4.5,2.0,2.0,7,7,4,NH2,-55.869121651317,-55.880866,0.011744348682995565,11.744348682995565
4.5_2_2_order_7_7_4,4.5,2.0,2.0,7,7,4,NH3,-56.551029326073,-56.564955,0.013925673926998172,13.925673926998172
4.5_2_2_order_7_7_6,4.5,2.0,2.0,7,7,6,CH3,-39.828722929698,-39.836136,0.007413070302000335,7.413070302000335
4.5_2_2_order_7_7_6,4.5,2.0,2.0,7,7,6,F2,-199.498832381516,-199.532431,0.03359861848400669,33.59861848400669
4.5_2_2_order_7_7_6,4.5,2.0,2.0,7,7,6,HF,-100.447674817158,-100.460908,0.013233182842000701,13.233182842000701
4.5_2_2_order_7_7_6,4.5,2.0,2.0,7,7,6,NH2,-55.870771524425,-55.880866,0.010094475574994988,10.094475574994988
4.5_2_2_order_7_7_6,4.5,2.0,2.0,7,7,6,NH3,-56.552630098076,-56.564955,0.012324901923996379,12.324901923996379
4.5_2_2_order_9_5_2,4.5,2.0,2.0,9,5,2,CH3,-39.813759610765,-39.836136,0.0223763892350064,22.3763892350064
4.5_2_2_order_9_5_2,4.5,2.0,2.0,9,5,2,F2,-199.430869841903,-199.532431,0.10156115809701305,101.56115809701305
4.5_2_2_order_9_5_2,4.5,2.0,2.0,9,5,2,HF,-100.411107005144,-100.460908,0.04980099485599965,49.80099485599965
4.5_2_2_order_9_5_2,4.5,2.0,2.0,9,5,2,NH2,-55.84988370213,-55.880866,0.030982297869996955,30.982297869996955
4.5_2_2_order_9_5_2,4.5,2.0,2.0,9,5,2,NH3,-56.529424677777,-56.564955,0.03553032222299635,35.53032222299635
4.5_2_2_order_9_5_4,4.5,2.0,2.0,9,5,4,CH3,-39.827021110891,-39.836136,0.009114889109000046,9.114889109000046
4.5_2_2_order_9_5_4,4.5,2.0,2.0,9,5,4,F2,-199.495673988957,-199.532431,0.03675701104299378,36.75701104299378
4.5_2_2_order_9_5_4,4.5,2.0,2.0,9,5,4,HF,-100.445864199014,-100.460908,0.015043800986006772,15.043800986006772
4.5_2_2_order_9_5_4,4.5,2.0,2.0,9,5,4,NH2,-55.868674574979,-55.880866,0.012191425020994018,12.191425020994018
4.5_2_2_order_9_5_4,4.5,2.0,2.0,9,5,4,NH3,-56.550542396263,-56.564955,0.01441260373700004,14.41260373700004
4.5_2_2_order_9_7_2,4.5,2.0,2.0,9,7,2,CH3,-39.813621991994,-39.836136,0.02251400800600578,22.51400800600578
4.5_2_2_order_9_7_2,4.5,2.0,2.0,9,7,2,F2,-199.430672578789,-199.532431,0.10175842121100231,101.75842121100231
4.5_2_2_order_9_7_2,4.5,2.0,2.0,9,7,2,HF,-100.410914855191,-100.460908,0.04999314480900807,49.99314480900807
4.5_2_2_order_9_7_2,4.5,2.0,2.0,9,7,2,NH2,-55.849812726415,-55.880866,0.031053273584994656,31.053273584994656
4.5_2_2_order_9_7_2,4.5,2.0,2.0,9,7,2,NH3,-56.529257058407,-56.564955,0.03569794159299988,35.69794159299988
4.5_2_2_order_9_7_4,4.5,2.0,2.0,9,7,4,CH3,-39.827341603825,-39.836136,0.008794396175005659,8.794396175005659
4.5_2_2_order_9_7_4,4.5,2.0,2.0,9,7,4,F2,-199.495802620161,-199.532431,0.03662837983901568,36.62837983901568
4.5_2_2_order_9_7_4,4.5,2.0,2.0,9,7,4,HF,-100.446047218072,-100.460908,0.014860781928007327,14.860781928007327
4.5_2_2_order_9_7_4,4.5,2.0,2.0,9,7,4,NH2,-55.869153030883,-55.880866,0.011712969116999261,11.712969116999261
4.5_2_2_order_9_7_4,4.5,2.0,2.0,9,7,4,NH3,-56.551022031843,-56.564955,0.013932968157000403,13.932968157000403
4.5_2_2_order_9_7_6,4.5,2.0,2.0,9,7,6,CH3,-39.828826916668,-39.836136,0.007309083332003752,7.309083332003752
4.5_2_2_order_9_7_6,4.5,2.0,2.0,9,7,6,F2,-199.499139055906,-199.532431,0.033291944094003156,33.291944094003156
4.5_2_2_order_9_7_6,4.5,2.0,2.0,9,7,6,HF,-100.447767662659,-100.460908,0.013140337340999508,13.140337340999508
4.5_2_2_order_9_7_6,4.5,2.0,2.0,9,7,6,NH2,-55.870792129621,-55.880866,0.010073870378995764,10.073870378995764
4.5_2_2_order_9_7_6,4.5,2.0,2.0,9,7,6,NH3,-56.552818714461,-56.564955,0.012136285539000369,12.136285539000369
4.5_2_2_order_9_9_2,4.5,2.0,2.0,9,9,2,CH3,-39.813527484766,-39.836136,0.022608515234004756,22.608515234004756
4.5_2_2_order_9_9_2,4.5,2.0,2.0,9,9,2,F2,-199.430492670684,-199.532431,0.101938329315999,101.938329315999
4.5_2_2_order_9_9_2,4.5,2.0,2.0,9,9,2,HF,-100.41087600084,-100.460908,0.05003199915999801,50.03199915999801
4.5_2_2_order_9_9_2,4.5,2.0,2.0,9,9,2,NH2,-55.84978203421,-55.880866,0.03108396578999617,31.08396578999617
4.5_2_2_order_9_9_2,4.5,2.0,2.0,9,9,2,NH3,-56.529302884667,-56.564955,0.03565211533300072,35.65211533300072
4.5_2_2_order_9_9_4,4.5,2.0,2.0,9,9,4,CH3,-39.827397966909,-39.836136,0.008738033091006514,8.738033091006514
4.5_2_2_order_9_9_4,4.5,2.0,2.0,9,9,4,F2,-199.495971690427,-199.532431,0.03645930957299015,36.45930957299015
4.5_2_2_order_9_9_4,4.5,2.0,2.0,9,9,4,HF,-100.445953343485,-100.460908,0.01495465651500183,14.95465651500183
4.5_2_2_order_9_9_4,4.5,2.0,2.0,9,9,4,NH2,-55.869265111745,-55.880866,0.011600888254996278,11.600888254996278
4.5_2_2_order_9_9_4,4.5,2.0,2.0,9,9,4,NH3,-56.551076040083,-56.564955,0.013878959917001055,13.878959917001055
4.5_2_2_order_9_9_6,4.5,2.0,2.0,9,9,6,CH3,-39.828834036512,-39.836136,0.0073019634880040485,7.3019634880040485
4.5_2_2_order_9_9_6,4.5,2.0,2.0,9,9,6,F2,-199.499317755173,-199.532431,0.03311324482700684,33.11324482700684
4.5_2_2_order_9_9_6,4.5,2.0,2.0,9,9,6,HF,-100.447877399943,-100.460908,0.013030600057007291,13.030600057007291
4.5_2_2_order_9_9_6,4.5,2.0,2.0,9,9,6,NH2,-55.870806227337,-55.880866,0.010059772662998512,10.059772662998512
4.5_2_2_order_9_9_6,4.5,2.0,2.0,9,9,6,NH3,-56.552827080573,-56.564955,0.012127919426994538,12.127919426994538
