projectname,ee_depth,ee_depth_fixed,en_depth_fixed,een_depth_fixed,eC_depth,eF_depth,eH_depth,eN_depth,eO_depth,eeC_depth,eeF_depth,eeH_depth,eeN_depth,eeO_depth,molecule,core,basis_short,xTC-HF,xTC-CCSD(T),md_xTC-CCSD(T),xTC-DC-CCSDT,md_xTC-DC-CCSDT,xTC-FCIQMC,md_xTC-FCIQMC,spin_dependent_ee_cusp,spin_dependent_ee,spin_dependent_en,spin_dependent_een
g2_new_projection_5z,-0.9808260139634566,no,no,no,,,,,,,,,,,Be,eCEPP,avdz,-0.98071347209,-1.009930865639,,-1.009930865639,,,,false,false,false,false
g2_new_projection_5z,-0.9808260139634566,no,no,no,,,,,,,,,,,Be,eCEPP,avqz,-0.98071347209,-1.010638576003,,-1.010638576003,,,,false,false,false,false
g2_new_projection_5z,-0.9808260139634566,no,no,no,,,,,,,,,,,Be,eCEPP,avtz,-0.98071347209,-1.011095737109,,-1.011095737109,,,,false,false,false,false
g2_new_projection_5z,-0.9808260139634566,no,no,no,,,,,,,,,,,Be,eCEPP,pvdz,-0.98071347209,-0.999648798473,,,,,,false,false,false,false
g2_new_projection_5z,-0.9808260139634566,no,no,no,,,,,,,,,,,Be,eCEPP,pvqz,-0.98071347209,-1.008029272723,,,,,,false,false,false,false
g2_new_projection_5z,-0.9808260139634566,no,no,no,,,,,,,,,,,Be,eCEPP,pvtz,-0.98071347209,-1.005025537466,,,,,,false,false,false,false
g2_new_projection_5z,-0.6739814728800346,no,no,no,,,,,,,,,,,BeH,eCEPP,avdz,-1.5709494044,-1.590968555088,,-1.591081033145,,,,false,false,false,false
g2_new_projection_5z,-0.6739814728800346,no,no,no,,,,,,,,,,,BeH,eCEPP,avqz,-1.5709494044,-1.590798429241,,-1.590918808169,,,,false,false,false,false
g2_new_projection_5z,-0.6739814728800346,no,no,no,,,,,,,,,,,BeH,eCEPP,avtz,-1.5709494044,-1.591091549965,,-1.591208197409,,,,false,false,false,false
g2_new_projection_5z,-0.6739814728800346,no,no,no,,,,,,,,,,,BeH,eCEPP,pvdz,-1.5709494044,-1.587132704891,,,,,,false,false,false,false
g2_new_projection_5z,-0.6739814728800346,no,no,no,,,,,,,,,,,BeH,eCEPP,pvqz,-1.5709494044,-1.590494236249,,,,,,false,false,false,false
g2_new_projection_5z,-0.6739814728800346,no,no,no,,,,,,,,,,,BeH,eCEPP,pvtz,-1.5709494044,-1.590284204347,,,,,,false,false,false,false
g2_new_projection_5z,-0.4820292369212865,no,no,no,0.03255297410953377,,,,,0.18464997565481375,,,,,C,eCEPP,avdz,-5.355052358946,-5.414494489314,,-5.414668501809,,,,false,false,false,false
g2_new_projection_5z,-0.4820292369212865,no,no,no,0.03255297410953377,,,,,0.18464997565481375,,,,,C,eCEPP,avqz,-5.355052358946,-5.417485438928,,-5.417722543334,,,,false,false,false,false
g2_new_projection_5z,-0.4820292369212865,no,no,no,0.03255297410953377,,,,,0.18464997565481375,,,,,C,eCEPP,avtz,-5.355052358946,-5.419312903905,,-5.419548116779,,,,false,false,false,false
g2_new_projection_5z,-0.4820292369212865,no,no,no,0.03255297410953377,,,,,0.18464997565481375,,,,,C,eCEPP,pvdz,-5.355052358946,-5.410783163101,,,,,,false,false,false,false
g2_new_projection_5z,-0.4820292369212865,no,no,no,0.03255297410953377,,,,,0.18464997565481375,,,,,C,eCEPP,pvqz,-5.355052358946,-5.417450811184,,,,,,false,false,false,false
g2_new_projection_5z,-0.4820292369212865,no,no,no,0.03255297410953377,,,,,0.18464997565481375,,,,,C,eCEPP,pvtz,-5.355052358946,-5.418628605405,,,,,,false,false,false,false
g2_new_projection_5z,-0.41988545990449644,no,no,no,0.04678080227819466,,0.0175408480924191,,,0.12078126819446977,,-0.04507154624424133,,,C2H2,eCEPP,avdz,-12.263786620501,-12.47585422023,,-12.476821225881,,,,false,false,false,false
g2_new_projection_5z,-0.41988545990449644,no,no,no,0.04678080227819466,,0.0175408480924191,,,0.12078126819446977,,-0.04507154624424133,,,C2H2,eCEPP,avqz,-12.263786620501,-12.481092113401,,-12.48202955142,,,,false,false,false,false
g2_new_projection_5z,-0.41988545990449644,no,no,no,0.04678080227819466,,0.0175408480924191,,,0.12078126819446977,,-0.04507154624424133,,,C2H2,eCEPP,avtz,-12.263786620501,-12.483578236168,,-12.484495992739,,,,false,false,false,false
g2_new_projection_5z,-0.41988545990449644,no,no,no,0.04678080227819466,,0.0175408480924191,,,0.12078126819446977,,-0.04507154624424133,,,C2H2,eCEPP,pvdz,-12.263786620501,-12.470848849992,,,,,,false,false,false,false
g2_new_projection_5z,-0.41988545990449644,no,no,no,0.04678080227819466,,0.0175408480924191,,,0.12078126819446977,,-0.04507154624424133,,,C2H2,eCEPP,pvqz,-12.2637866205,-12.480860109689,,,,,,false,false,false,false
g2_new_projection_5z,-0.41988545990449644,no,no,no,0.04678080227819466,,0.0175408480924191,,,0.12078126819446977,,-0.04507154624424133,,,C2H2,eCEPP,pvtz,-12.2637866205,-12.482445209171,,,,,,false,false,false,false
g2_new_projection_5z,-0.42635093473666497,no,no,no,,,,,,,,,,,C2H4,eCEPP,avdz,-13.510652335239,-13.73081882992,,-13.731689127515,,,,false,false,false,false
g2_new_projection_5z,-0.42635093473666497,no,no,no,,,,,,,,,,,C2H4,eCEPP,avqz,-13.510652335239,-13.734003160864,,,,,,false,false,false,false
g2_new_projection_5z,-0.42635093473666497,no,no,no,,,,,,,,,,,C2H4,eCEPP,avtz,-13.510652335239,-13.736985326954,,-13.737834767532,,,,false,false,false,false
g2_new_projection_5z,-0.42635093473666497,no,no,no,,,,,,,,,,,C2H4,eCEPP,pvdz,-13.510652335239,-13.723742269032,,,,,,false,false,false,false
g2_new_projection_5z,-0.42635093473666497,no,no,no,,,,,,,,,,,C2H4,eCEPP,pvqz,-13.510652335239,-13.733831716089,,,,,,false,false,false,false
g2_new_projection_5z,-0.42635093473666497,no,no,no,,,,,,,,,,,C2H4,eCEPP,pvtz,-13.510652335239,-13.735837851404,,,,,,false,false,false,false
g2_new_projection_5z,-0.43855910358379346,no,no,no,,,,,,,,,,,C2H6,eCEPP,avdz,-14.743788201363,-14.96920588368,,-14.969617898759,,,,false,false,false,false
g2_new_projection_5z,-0.43855910358379346,no,no,no,,,,,,,,,,,C2H6,eCEPP,avqz,-14.743788201363,-14.97163169329,,,,,,false,false,false,false
g2_new_projection_5z,-0.43855910358379346,no,no,no,,,,,,,,,,,C2H6,eCEPP,avtz,-14.743788201363,-14.97481052027,,-14.975211105713,,,,false,false,false,false
g2_new_projection_5z,-0.43855910358379346,no,no,no,,,,,,,,,,,C2H6,eCEPP,pvdz,-14.743788201363,-14.962322973018,,,,,,false,false,false,false
g2_new_projection_5z,-0.43855910358379346,no,no,no,,,,,,,,,,,C2H6,eCEPP,pvqz,-14.743788201363,-14.971673716593,,,,,,false,false,false,false
g2_new_projection_5z,-0.43855910358379346,no,no,no,,,,,,,,,,,C2H6,eCEPP,pvtz,-14.743788201363,-14.974059653312,,,,,,false,false,false,false
g2_new_projection_5z,-0.46564198384636796,no,no,no,0.03213685099712788,,0.01600183068812352,,,0.10693121844283467,,-0.035791100145702,,,CH,eCEPP,avdz,-5.96695754952,-6.048827194728,,-6.049349149275,,,,false,false,false,false
g2_new_projection_5z,-0.46564198384636796,no,no,no,0.03213685099712788,,0.01600183068812352,,,0.10693121844283467,,-0.035791100145702,,,CH,eCEPP,avqz,-5.96695754952,-6.051403495607,,-6.052003117993,,,,false,false,false,false
g2_new_projection_5z,-0.46564198384636796,no,no,no,0.03213685099712788,,0.01600183068812352,,,0.10693121844283467,,-0.035791100145702,,,CH,eCEPP,avtz,-5.96695754952,-6.053359448578,,-6.053953715189,,,,false,false,false,false
g2_new_projection_5z,-0.46564198384636796,no,no,no,0.03213685099712788,,0.01600183068812352,,,0.10693121844283467,,-0.035791100145702,,,CH,eCEPP,pvdz,-5.96695754952,-6.0449558458,,,,,,false,false,false,false
g2_new_projection_5z,-0.46564198384636796,no,no,no,0.03213685099712788,,0.01600183068812352,,,0.10693121844283467,,-0.035791100145702,,,CH,eCEPP,pvqz,-5.96695754952,-6.051280576854,,,,,,false,false,false,false
g2_new_projection_5z,-0.46564198384636796,no,no,no,0.03213685099712788,,0.01600183068812352,,,0.10693121844283467,,-0.035791100145702,,,CH,eCEPP,pvtz,-5.96695754952,-6.052581823201,,,,,,false,false,false,false
g2_new_projection_5z,-0.43077461937288153,no,no,no,0.04197045588975666,,0.0159251782563294,,,0.11867531014799956,,-0.042265049260266536,,,CH2,eCEPP,avdz,-6.634614390748,-6.718561158365,,-6.718906689989,,,,false,false,false,false
g2_new_projection_5z,-0.43077461937288153,no,no,no,0.04197045588975666,,0.0159251782563294,,,0.11867531014799956,,-0.042265049260266536,,,CH2,eCEPP,avqz,-6.634614390748,-6.721396608405,,-6.721798368763,,,,false,false,false,false
g2_new_projection_5z,-0.43077461937288153,no,no,no,0.04197045588975666,,0.0159251782563294,,,0.11867531014799956,,-0.042265049260266536,,,CH2,eCEPP,avtz,-6.634614390748,-6.72275621734,,-6.723156720678,,,,false,false,false,false
g2_new_projection_5z,-0.43077461937288153,no,no,no,0.04197045588975666,,0.0159251782563294,,,0.11867531014799956,,-0.042265049260266536,,,CH2,eCEPP,pvdz,-6.634614390748,-6.715633175124,,,,,,false,false,false,false
g2_new_projection_5z,-0.43077461937288153,no,no,no,0.04197045588975666,,0.0159251782563294,,,0.11867531014799956,,-0.042265049260266536,,,CH2,eCEPP,pvqz,-6.634614390748,-6.721296828501,,,,,,false,false,false,false
g2_new_projection_5z,-0.43077461937288153,no,no,no,0.04197045588975666,,0.0159251782563294,,,0.11867531014799956,,-0.042265049260266536,,,CH2,eCEPP,pvtz,-6.634614390748,-6.722203407954,,,,,,false,false,false,false
g2_new_projection_5z,-0.3651552602763345,no,no,no,,,,,,,,,,,CH2O,eCEPP,avdz,-22.628831588415,-22.886974194383,,-22.887677675055,,,,false,false,false,false
g2_new_projection_5z,-0.3651552602763345,no,no,no,,,,,,,,,,,CH2O,eCEPP,avqz,-22.628831588415,-22.899240468262,,-22.899929089645,,,,false,false,false,false
g2_new_projection_5z,-0.3651552602763345,no,no,no,,,,,,,,,,,CH2O,eCEPP,avtz,-22.628831588415,-22.903636513121,,-22.904312268329,,,,false,false,false,false
g2_new_projection_5z,-0.3651552602763345,no,no,no,,,,,,,,,,,CH2O,eCEPP,pvdz,-22.628831588415,-22.871912205458,,,,,,false,false,false,false
g2_new_projection_5z,-0.3651552602763345,no,no,no,,,,,,,,,,,CH2O,eCEPP,pvqz,-22.628831588415,-22.898914011883,,,,,,false,false,false,false
g2_new_projection_5z,-0.3651552602763345,no,no,no,,,,,,,,,,,CH2O,eCEPP,pvtz,-22.628831588415,-22.901271751073,,,,,,false,false,false,false
g2_new_projection_5z,-0.451454017872465,no,no,no,,,,,,,,,,,CH2_singlet,eCEPP,avdz,-6.603004300486,-6.704033521402,,-6.70475653321,,,,false,false,false,false
g2_new_projection_5z,-0.451454017872465,no,no,no,,,,,,,,,,,CH2_singlet,eCEPP,avqz,-6.603004300486,-6.706155086275,,-6.706924254604,,,,false,false,false,false
g2_new_projection_5z,-0.451454017872465,no,no,no,,,,,,,,,,,CH2_singlet,eCEPP,avtz,-6.603004300486,-6.708030296054,,-6.708790978883,,,,false,false,false,false
g2_new_projection_5z,-0.451454017872465,no,no,no,,,,,,,,,,,CH2_singlet,eCEPP,pvdz,-6.603004300486,-6.700327182683,,,,,,false,false,false,false
g2_new_projection_5z,-0.451454017872465,no,no,no,,,,,,,,,,,CH2_singlet,eCEPP,pvqz,-6.603004300486,-6.706023535296,,,,,,false,false,false,false
g2_new_projection_5z,-0.451454017872465,no,no,no,,,,,,,,,,,CH2_singlet,eCEPP,pvtz,-6.603004300486,-6.707258721,,,,,,false,false,false,false
g2_new_projection_5z,-0.434908131875988,no,no,no,0.046172988494133,,0.015429830012364776,,,0.1452235650534093,,-0.047737488630978216,,,CH3,eCEPP,avdz,-7.300998351023,-7.40649485364,,-7.406833931781,,,,false,false,false,false
g2_new_projection_5z,-0.434908131875988,no,no,no,0.046172988494133,,0.015429830012364776,,,0.1452235650534093,,-0.047737488630978216,,,CH3,eCEPP,avqz,-7.300998351023,-7.408163161772,,-7.408530032157,,,,false,false,false,false
g2_new_projection_5z,-0.434908131875988,no,no,no,0.046172988494133,,0.015429830012364776,,,0.1452235650534093,,-0.047737488630978216,,,CH3,eCEPP,avtz,-7.300998351023,-7.409696097662,,-7.410055348206,,,,false,false,false,false
g2_new_projection_5z,-0.434908131875988,no,no,no,0.046172988494133,,0.015429830012364776,,,0.1452235650534093,,-0.047737488630978216,,,CH3,eCEPP,pvdz,-7.300998351023,-7.403329395013,,,,,,false,false,false,false
g2_new_projection_5z,-0.434908131875988,no,no,no,0.046172988494133,,0.015429830012364776,,,0.1452235650534093,,-0.047737488630978216,,,CH3,eCEPP,pvqz,-7.300998351023,-7.408096408626,,,,,,false,false,false,false
g2_new_projection_5z,-0.434908131875988,no,no,no,0.046172988494133,,0.015429830012364776,,,0.1452235650534093,,-0.047737488630978216,,,CH3,eCEPP,pvtz,-7.300998351023,-7.409017064437,,,,,,false,false,false,false
g2_new_projection_5z,-0.4562417737058535,no,no,no,,,,,,,,,,,CH3Cl,eCEPP,avdz,-22.275251181345,-22.49434560674,,-22.49493718787,,,,false,false,false,false
g2_new_projection_5z,-0.4562417737058535,no,no,no,,,,,,,,,,,CH3Cl,eCEPP,avqz,-22.275251181345,-22.51398194003,,,,,,false,false,false,false
g2_new_projection_5z,-0.4562417737058535,no,no,no,,,,,,,,,,,CH3Cl,eCEPP,avtz,-22.275251181345,-22.514848145313,,-22.516833342446,,,,false,false,false,false
g2_new_projection_5z,-0.4562417737058535,no,no,no,,,,,,,,,,,CH3Cl,eCEPP,pvdz,-22.275251181345,-22.473772674662,,,,,,false,false,false,false
g2_new_projection_5z,-0.4562417737058535,no,no,no,,,,,,,,,,,CH3Cl,eCEPP,pvqz,-22.275251181345,-22.508390302609,,,,,,false,false,false,false
g2_new_projection_5z,-0.4562417737058535,no,no,no,,,,,,,,,,,CH3Cl,eCEPP,pvtz,-22.275251181345,-22.485887037207,,,,,,false,false,false,false
g2_new_projection_5z,-0.43070156877735755,no,no,no,,,,,,,,,,,CH4,eCEPP,avdz,-7.961706421206,-8.086853012367,,-8.087165756334,,,,false,false,false,false
g2_new_projection_5z,-0.43070156877735755,no,no,no,,,,,,,,,,,CH4,eCEPP,avqz,-7.961706421206,-8.087520951784,,-8.087842283946,,,,false,false,false,false
g2_new_projection_5z,-0.43070156877735755,no,no,no,,,,,,,,,,,CH4,eCEPP,avtz,-7.961706421206,-8.089098563687,,-8.089407815808,,,,false,false,false,false
g2_new_projection_5z,-0.43070156877735755,no,no,no,,,,,,,,,,,CH4,eCEPP,pvdz,-7.961706421206,-8.08363818206,,,,,,false,false,false,false
g2_new_projection_5z,-0.43070156877735755,no,no,no,,,,,,,,,,,CH4,eCEPP,pvqz,-7.961706421206,-8.087574714548,,,,,,false,false,false,false
g2_new_projection_5z,-0.43070156877735755,no,no,no,,,,,,,,,,,CH4,eCEPP,pvtz,-7.961706421206,-8.088632734437,,,,,,false,false,false,false
g2_new_projection_5z,-0.38830025602366347,no,no,no,,,,,,,,,,,CH4O,eCEPP,avdz,-23.839431226496,-24.107667138435,,-24.108016947368,,,,false,false,false,false
g2_new_projection_5z,-0.38830025602366347,no,no,no,,,,,,,,,,,CH4O,eCEPP,avqz,-23.839431226496,-24.119663686179,,,,,,false,false,false,false
g2_new_projection_5z,-0.38830025602366347,no,no,no,,,,,,,,,,,CH4O,eCEPP,avtz,-23.839431226496,-24.124615316665,,-24.12492512023,,,,false,false,false,false
g2_new_projection_5z,-0.38830025602366347,no,no,no,,,,,,,,,,,CH4O,eCEPP,pvdz,-23.839431226496,-24.088477272745,,,,,,false,false,false,false
g2_new_projection_5z,-0.38830025602366347,no,no,no,,,,,,,,,,,CH4O,eCEPP,pvqz,-23.839431226496,-24.119312426,,,,,,false,false,false,false
g2_new_projection_5z,-0.38830025602366347,no,no,no,,,,,,,,,,,CH4O,eCEPP,pvtz,-23.839431226496,-24.122222731501,,,,,,false,false,false,false
g2_new_projection_5z,-0.467040955975245,no,no,no,,,,,,,,,,,CH4S,eCEPP,avdz,-18.027035178099,-18.251051559212,,-18.251767118137,,,,false,false,false,false
g2_new_projection_5z,-0.467040955975245,no,no,no,,,,,,,,,,,CH4S,eCEPP,avqz,-18.027035178099,-18.267410584904,,,,,,false,false,false,false
g2_new_projection_5z,-0.467040955975245,no,no,no,,,,,,,,,,,CH4S,eCEPP,avtz,-18.027035178099,-18.268850846163,,-18.269800564578,,,,false,false,false,false
g2_new_projection_5z,-0.467040955975245,no,no,no,,,,,,,,,,,CH4S,eCEPP,pvdz,-18.027035178099,-18.234278682974,,,,,,false,false,false,false
g2_new_projection_5z,-0.467040955975245,no,no,no,,,,,,,,,,,CH4S,eCEPP,pvqz,-18.027035178099,-18.263384960431,,,,,,false,false,false,false
g2_new_projection_5z,-0.467040955975245,no,no,no,,,,,,,,,,,CH4S,eCEPP,pvtz,-18.027035178099,-18.246182379575,,,,,,false,false,false,false
g2_new_projection_5z,-0.35859571283798997,no,no,no,,,,,,,,,,,CHO,eCEPP,avdz,-21.98406510207,-22.233589832859,,-22.234433695544,,,,false,false,false,false
g2_new_projection_5z,-0.35859571283798997,no,no,no,,,,,,,,,,,CHO,eCEPP,avqz,-21.98406510207,-22.247406886299,,,,,,false,false,false,false
g2_new_projection_5z,-0.35859571283798997,no,no,no,,,,,,,,,,,CHO,eCEPP,avtz,-21.98406510207,-22.251776719899,,-22.252613329628,,,,false,false,false,false
g2_new_projection_5z,-0.35859571283798997,no,no,no,,,,,,,,,,,CHO,eCEPP,pvdz,-21.98406510207,-22.2191237696,,,,,,false,false,false,false
g2_new_projection_5z,-0.35859571283798997,no,no,no,,,,,,,,,,,CHO,eCEPP,pvqz,-21.98406510207,-22.247128395188,,,,,,false,false,false,false
g2_new_projection_5z,-0.35859571283798997,no,no,no,,,,,,,,,,,CHO,eCEPP,pvtz,-21.98406510207,-22.24971942408,,,,,,false,false,false,false
g2_new_projection_5z,-0.3736763740678605,no,no,no,0.030649544674489097,,,0.06358193229143833,,0.09022182523185866,,,0.11414840112391156,,CN,eCEPP,avdz,-15.221728299368,-15.460741213763,,-15.462405819812,,,,false,false,false,false
g2_new_projection_5z,-0.3736763740678605,no,no,no,0.030649544674489097,,,0.06358193229143833,,0.09022182523185866,,,0.11414840112391156,,CN,eCEPP,avqz,-15.221728299368,-15.471332180938,,-15.472984103835,,,,false,false,false,false
g2_new_projection_5z,-0.3736763740678605,no,no,no,0.030649544674489097,,,0.06358193229143833,,0.09022182523185866,,,0.11414840112391156,,CN,eCEPP,avtz,-15.221728299368,-15.47485554366,,-15.476501787914,,,,false,false,false,false
g2_new_projection_5z,-0.3736763740678605,no,no,no,0.030649544674489097,,,0.06358193229143833,,0.09022182523185866,,,0.11414840112391156,,CN,eCEPP,pvdz,-15.221728299368,-15.459573470453,,,,,,false,false,false,false
g2_new_projection_5z,-0.3736763740678605,no,no,no,0.030649544674489097,,,0.06358193229143833,,0.09022182523185866,,,0.11414840112391156,,CN,eCEPP,pvqz,-15.221728299368,-15.47124999003,,,,,,false,false,false,false
g2_new_projection_5z,-0.3736763740678605,no,no,no,0.030649544674489097,,,0.06358193229143833,,0.09022182523185866,,,0.11414840112391156,,CN,eCEPP,pvtz,-15.221728299368,-15.474112078493,,,,,,false,false,false,false
g2_new_projection_5z,-0.3847058782887525,no,no,no,,,,,,,,,,,CNH,eCEPP,avdz,-15.936471707032,-16.174245907109,,-16.175169189837,,,,false,false,false,false
g2_new_projection_5z,-0.3847058782887525,no,no,no,,,,,,,,,,,CNH,eCEPP,avqz,-15.936471707032,-16.182935400274,,-16.183828665154,,,,false,false,false,false
g2_new_projection_5z,-0.3847058782887525,no,no,no,,,,,,,,,,,CNH,eCEPP,avtz,-15.936471707032,-16.186335638176,,-16.187205368462,,,,false,false,false,false
g2_new_projection_5z,-0.3847058782887525,no,no,no,,,,,,,,,,,CNH,eCEPP,pvdz,-15.936471707032,-16.172750538131,,,,,,false,false,false,false
g2_new_projection_5z,-0.3847058782887525,no,no,no,,,,,,,,,,,CNH,eCEPP,pvqz,-15.936471707032,-16.182767413438,,,,,,false,false,false,false
g2_new_projection_5z,-0.3847058782887525,no,no,no,,,,,,,,,,,CNH,eCEPP,pvtz,-15.936471707032,-16.185126712082,,,,,,false,false,false,false
g2_new_projection_5z,-0.35563928623694696,no,no,no,0.11179792392662033,,,,0.020773431389231465,0.12639568136644266,,,,0.09329213591180888,CO,eCEPP,avdz,-21.463839668923,-21.703589113069,,-21.704500125366,,,,false,false,false,false
g2_new_projection_5z,-0.35563928623694696,no,no,no,0.11179792392662033,,,,0.020773431389231465,0.12639568136644266,,,,0.09329213591180888,CO,eCEPP,avqz,-21.463839668923,-21.716886134565,,-21.717776692668,,,,false,false,false,false
g2_new_projection_5z,-0.35563928623694696,no,no,no,0.11179792392662033,,,,0.020773431389231465,0.12639568136644266,,,,0.09329213591180888,CO,eCEPP,avtz,-21.463839668923,-21.721685461356,,-21.722578698893,,,,false,false,false,false
g2_new_projection_5z,-0.35563928623694696,no,no,no,0.11179792392662033,,,,0.020773431389231465,0.12639568136644266,,,,0.09329213591180888,CO,eCEPP,pvdz,-21.463839668923,-21.692286111155,,,,,,false,false,false,false
g2_new_projection_5z,-0.35563928623694696,no,no,no,0.11179792392662033,,,,0.020773431389231465,0.12639568136644266,,,,0.09329213591180888,CO,eCEPP,pvqz,-21.463839668923,-21.717033823891,,,,,,false,false,false,false
g2_new_projection_5z,-0.35563928623694696,no,no,no,0.11179792392662033,,,,0.020773431389231465,0.12639568136644266,,,,0.09329213591180888,CO,eCEPP,pvtz,-21.463839668923,-21.721193382576,,,,,,false,false,false,false
g2_new_projection_5z,-0.35905812299522244,no,no,no,0.028221714816588032,,,,0.11685214668550033,0.04302443863380004,,,,0.11802916514106754,CO2,eCEPP,avdz,-37.40850783599,-37.784866954952,,-37.785974611227,,,,false,false,false,false
g2_new_projection_5z,-0.35905812299522244,no,no,no,0.028221714816588032,,,,0.11685214668550033,0.04302443863380004,,,,0.11802916514106754,CO2,eCEPP,avqz,-37.40850783599,-37.808864408387,,-37.809912981503,,,,false,false,false,false
g2_new_projection_5z,-0.35905812299522244,no,no,no,0.028221714816588032,,,,0.11685214668550033,0.04302443863380004,,,,0.11802916514106754,CO2,eCEPP,avtz,-37.40850783599,-37.81537969632,,-37.816418454451,,,,false,false,false,false
g2_new_projection_5z,-0.35905812299522244,no,no,no,0.028221714816588032,,,,0.11685214668550033,0.04302443863380004,,,,0.11802916514106754,CO2,eCEPP,pvdz,-37.40850783599,-37.760326578506,,,,,,false,false,false,false
g2_new_projection_5z,-0.35905812299522244,no,no,no,0.028221714816588032,,,,0.11685214668550033,0.04302443863380004,,,,0.11802916514106754,CO2,eCEPP,pvqz,-37.40850783599,-37.808220103456,,,,,,false,false,false,false
g2_new_projection_5z,-0.35905812299522244,no,no,no,0.028221714816588032,,,,0.11685214668550033,0.04302443863380004,,,,0.11802916514106754,CO2,eCEPP,pvtz,-37.40850783599,-37.811215129296,,,,,,false,false,false,false
g2_new_projection_5z,-0.45337035466029596,no,no,no,,,,,,,,,,,CS,eCEPP,avdz,-15.548684051686,-15.766849557561,,-15.768769741344,,,,false,false,false,false
g2_new_projection_5z,-0.45337035466029596,no,no,no,,,,,,,,,,,CS,eCEPP,avqz,-15.548684051686,-15.783465779078,,-15.785676372084,,,,false,false,false,false
g2_new_projection_5z,-0.45337035466029596,no,no,no,,,,,,,,,,,CS,eCEPP,avtz,-15.548684051686,-15.785497171851,,-15.787637380814,,,,false,false,false,false
g2_new_projection_5z,-0.45337035466029596,no,no,no,,,,,,,,,,,CS,eCEPP,pvdz,-15.548684051686,-15.756944848041,,,,,,false,false,false,false
g2_new_projection_5z,-0.45337035466029596,no,no,no,,,,,,,,,,,CS,eCEPP,pvqz,-15.548684051686,-15.779924750054,,,,,,false,false,false,false
g2_new_projection_5z,-0.45337035466029596,no,no,no,,,,,,,,,,,CS,eCEPP,pvtz,-15.548684051686,-15.762137566522,,,,,,false,false,false,false
g2_new_projection_5z,-0.46674971434185,no,no,no,,,,,,,,,,,Cl,eCEPP,avdz,-14.854460466392,-14.949764892176,,-14.950048737985,,,,false,false,false,false
g2_new_projection_5z,-0.46674971434185,no,no,no,,,,,,,,,,,Cl,eCEPP,avqz,-14.854460466392,-14.964692363978,,-14.965704223534,,,,false,false,false,false
g2_new_projection_5z,-0.46674971434185,no,no,no,,,,,,,,,,,Cl,eCEPP,avtz,-14.854460466392,-14.965733452516,,-14.966329437875,,,,false,false,false,false
g2_new_projection_5z,-0.46674971434185,no,no,no,,,,,,,,,,,Cl,eCEPP,pvdz,-14.854460466392,-14.93371665512,,,,,,false,false,false,false
g2_new_projection_5z,-0.46674971434185,no,no,no,,,,,,,,,,,Cl,eCEPP,pvqz,-14.854460466392,-14.962528517632,,,,,,false,false,false,false
g2_new_projection_5z,-0.46674971434185,no,no,no,,,,,,,,,,,Cl,eCEPP,pvtz,-14.854460466392,-14.941233099411,,,,,,false,false,false,false
g2_new_projection_5z,-0.47064480088372945,no,no,no,,,,,,,,,,,Cl2,eCEPP,avdz,-29.769713669372,-29.988829759719,,-29.989751214951,,,,false,false,false,false
g2_new_projection_5z,-0.47064480088372945,no,no,no,,,,,,,,,,,Cl2,eCEPP,avqz,-29.769713669372,-30.024108748059,,-30.02615621663,,,,false,false,false,false
g2_new_projection_5z,-0.47064480088372945,no,no,no,,,,,,,,,,,Cl2,eCEPP,avtz,-29.769713669372,-30.025170762524,,-30.027317403464,,,,false,false,false,false
g2_new_projection_5z,-0.47064480088372945,no,no,no,,,,,,,,,,,Cl2,eCEPP,pvdz,-29.769713669372,-29.954928010031,,,,,,false,false,false,false
g2_new_projection_5z,-0.47064480088372945,no,no,no,,,,,,,,,,,Cl2,eCEPP,pvqz,-29.769713669372,-30.015555825361,,,,,,false,false,false,false
g2_new_projection_5z,-0.47064480088372945,no,no,no,,,,,,,,,,,Cl2,eCEPP,pvtz,-29.769713669372,-29.970119342564,,,,,,false,false,false,false
g2_new_projection_5z,-0.30524253404873547,no,no,no,,0.16271064615977665,,,,,0.11699398795749867,,,,F,eCEPP,avdz,-24.072227028172,-24.18670159238,,-24.186867062499,,,,false,false,false,false
g2_new_projection_5z,-0.30524253404873547,no,no,no,,0.16271064615977665,,,,,0.11699398795749867,,,,F,eCEPP,avqz,-24.072227028172,-24.197948455597,,-24.198116320585,,,,false,false,false,false
g2_new_projection_5z,-0.30524253404873547,no,no,no,,0.16271064615977665,,,,,0.11699398795749867,,,,F,eCEPP,avtz,-24.072227028172,-24.20069353089,,-24.200879056152,,,,false,false,false,false
g2_new_projection_5z,-0.30524253404873547,no,no,no,,0.16271064615977665,,,,,0.11699398795749867,,,,F,eCEPP,pvdz,-24.072227028172,-24.170871240142,,,,,,false,false,false,false
g2_new_projection_5z,-0.30524253404873547,no,no,no,,0.16271064615977665,,,,,0.11699398795749867,,,,F,eCEPP,pvqz,-24.072227028172,-24.198625688248,,,,,,false,false,false,false
g2_new_projection_5z,-0.30524253404873547,no,no,no,,0.16271064615977665,,,,,0.11699398795749867,,,,F,eCEPP,pvtz,-24.072227028172,-24.199790245662,,,,,,false,false,false,false
g2_new_projection_5z,-0.3292622822805315,no,no,no,,0.16047200288878566,,,,,0.09417995695482444,,,,F2,eCEPP,avdz,-48.115669553879,-48.433508292021,,-48.434380247072,,,,false,false,false,false
g2_new_projection_5z,-0.3292622822805315,no,no,no,,0.16047200288878566,,,,,0.09417995695482444,,,,F2,eCEPP,avqz,-48.115669553879,-48.455604895063,,-48.456522058321,,,,false,false,false,false
g2_new_projection_5z,-0.3292622822805315,no,no,no,,0.16047200288878566,,,,,0.09417995695482444,,,,F2,eCEPP,avtz,-48.115669553879,-48.462743761677,,-48.46361823109,,,,false,false,false,false
g2_new_projection_5z,-0.3292622822805315,no,no,no,,0.16047200288878566,,,,,0.09417995695482444,,,,F2,eCEPP,pvdz,-48.115669553879,-48.396718178481,,,,,,false,false,false,false
g2_new_projection_5z,-0.3292622822805315,no,no,no,,0.16047200288878566,,,,,0.09417995695482444,,,,F2,eCEPP,pvqz,-48.115669553879,-48.454206209631,,,,,,false,false,false,false
g2_new_projection_5z,-0.3292622822805315,no,no,no,,0.16047200288878566,,,,,0.09417995695482444,,,,F2,eCEPP,pvtz,-48.115669553879,-48.455600630326,,,,,,false,false,false,false
g2_new_projection_5z,-0.383014839326754,no,no,no,,,,,,,,,,,FCl,eCEPP,avdz,-38.950368546421,-39.229298360571,,-39.229998264121,,,,false,false,false,false
g2_new_projection_5z,-0.383014839326754,no,no,no,,,,,,,,,,,FCl,eCEPP,avqz,-38.950368546421,-39.266352488055,,-39.267849258187,,,,false,false,false,false
g2_new_projection_5z,-0.383014839326754,no,no,no,,,,,,,,,,,FCl,eCEPP,avtz,-38.950368546421,-39.266647910412,,-39.270023002026,,,,false,false,false,false
g2_new_projection_5z,-0.383014839326754,no,no,no,,,,,,,,,,,FCl,eCEPP,pvdz,-38.950368546421,-39.191960874761,,,,,,false,false,false,false
g2_new_projection_5z,-0.383014839326754,no,no,no,,,,,,,,,,,FCl,eCEPP,pvqz,-38.950368546421,-39.25803795632,,,,,,false,false,false,false
g2_new_projection_5z,-0.383014839326754,no,no,no,,,,,,,,,,,FCl,eCEPP,pvtz,-38.950368546421,-39.226376268871,,,,,,false,false,false,false
g2_new_projection_5z,-0.3481953229445805,no,no,no,,,0.010331339307061062,,0.11342775172218966,,,-0.04896792758992222,,0.12811430263988666,H2O,eCEPP,avdz,-17.086145799825,-17.245263901074,,-17.245472015893,,,,false,false,false,false
g2_new_projection_5z,-0.3481953229445805,no,no,no,,,0.010331339307061062,,0.11342775172218966,,,-0.04896792758992222,,0.12811430263988666,H2O,eCEPP,avqz,-17.086145799825,-17.25473556107,,-17.25491257808,,,,false,false,false,false
g2_new_projection_5z,-0.3481953229445805,no,no,no,,,0.010331339307061062,,0.11342775172218966,,,-0.04896792758992222,,0.12811430263988666,H2O,eCEPP,avtz,-17.086145799825,-17.257749582251,,-17.257921145861,,,,false,false,false,false
g2_new_projection_5z,-0.3481953229445805,no,no,no,,,0.010331339307061062,,0.11342775172218966,,,-0.04896792758992222,,0.12811430263988666,H2O,eCEPP,pvdz,-17.086145799825,-17.230023227508,,,,,,false,false,false,false
g2_new_projection_5z,-0.3481953229445805,no,no,no,,,0.010331339307061062,,0.11342775172218966,,,-0.04896792758992222,,0.12811430263988666,H2O,eCEPP,pvqz,-17.086145799825,-17.254918216402,,,,,,false,false,false,false
g2_new_projection_5z,-0.3481953229445805,no,no,no,,,0.010331339307061062,,0.11342775172218966,,,-0.04896792758992222,,0.12811430263988666,H2O,eCEPP,pvtz,-17.086145799825,-17.257098065856,,,,,,false,false,false,false
g2_new_projection_5z,-0.36072928415503797,no,no,no,,,0.015999553045288255,,0.10972020182134634,,,-0.06414283358182711,,0.10847087760443999,H2O2,eCEPP,avdz,-32.86483167247,-33.175161617826,,-33.175835399946,,,,false,false,false,false
g2_new_projection_5z,-0.36072928415503797,no,no,no,,,0.015999553045288255,,0.10972020182134634,,,-0.06414283358182711,,0.10847087760443999,H2O2,eCEPP,avqz,-32.86483167247,-33.19534965732,,-33.19598286255,,,,false,false,false,false
g2_new_projection_5z,-0.36072928415503797,no,no,no,,,0.015999553045288255,,0.10972020182134634,,,-0.06414283358182711,,0.10847087760443999,H2O2,eCEPP,avtz,-32.86483167247,-33.202415460734,,-33.203015332536,,,,false,false,false,false
g2_new_projection_5z,-0.36072928415503797,no,no,no,,,0.015999553045288255,,0.10972020182134634,,,-0.06414283358182711,,0.10847087760443999,H2O2,eCEPP,pvdz,-32.86483167247,-33.145212816146,,,,,,false,false,false,false
g2_new_projection_5z,-0.36072928415503797,no,no,no,,,0.015999553045288255,,0.10972020182134634,,,-0.06414283358182711,,0.10847087760443999,H2O2,eCEPP,pvqz,-32.86483167247,-33.194739171911,,,,,,false,false,false,false
g2_new_projection_5z,-0.36072928415503797,no,no,no,,,0.015999553045288255,,0.10972020182134634,,,-0.06414283358182711,,0.10847087760443999,H2O2,eCEPP,pvtz,-32.86483167247,-33.198778948533,,,,,,false,false,false,false
g2_new_projection_5z,-0.48292335196343256,no,no,no,,,,,,,,,,,H2S,eCEPP,avdz,-11.249420212794,-11.372491690177,,-11.373011009611,,,,false,false,false,false
g2_new_projection_5z,-0.48292335196343256,no,no,no,,,,,,,,,,,H2S,eCEPP,avqz,-11.249420212794,-11.384895256738,,-11.385721566892,,,,false,false,false,false
g2_new_projection_5z,-0.48292335196343256,no,no,no,,,,,,,,,,,H2S,eCEPP,avtz,-11.249420212794,-11.385601769975,,-11.386376731233,,,,false,false,false,false
g2_new_projection_5z,-0.48292335196343256,no,no,no,,,,,,,,,,,H2S,eCEPP,pvdz,-11.249420212794,-11.360055588921,,,,,,false,false,false,false
g2_new_projection_5z,-0.48292335196343256,no,no,no,,,,,,,,,,,H2S,eCEPP,pvqz,-11.249420212794,-11.382288684728,,,,,,false,false,false,false
g2_new_projection_5z,-0.48292335196343256,no,no,no,,,,,,,,,,,H2S,eCEPP,pvtz,-11.249420212794,-11.36636993286,,,,,,false,false,false,false
g2_new_projection_5z,-0.45349447242733953,no,no,no,,,,,,,,,,,HCl,eCEPP,avdz,-15.499337032383,-15.620402816052,,-15.620735418938,,,,false,false,false,false
g2_new_projection_5z,-0.45349447242733953,no,no,no,,,,,,,,,,,HCl,eCEPP,avqz,-15.499337032383,-15.63496638563,,-15.636004725737,,,,false,false,false,false
g2_new_projection_5z,-0.45349447242733953,no,no,no,,,,,,,,,,,HCl,eCEPP,avtz,-15.499337032383,-15.63550637031,,-15.636765385144,,,,false,false,false,false
g2_new_projection_5z,-0.45349447242733953,no,no,no,,,,,,,,,,,HCl,eCEPP,pvdz,-15.499337032383,-15.603136917379,,,,,,false,false,false,false
g2_new_projection_5z,-0.45349447242733953,no,no,no,,,,,,,,,,,HCl,eCEPP,pvqz,-15.499337032383,-15.632018445763,,,,,,false,false,false,false
g2_new_projection_5z,-0.45349447242733953,no,no,no,,,,,,,,,,,HCl,eCEPP,pvtz,-15.499337032383,-15.61150476341,,,,,,false,false,false,false
g2_new_projection_5z,-0.31343104392773247,no,no,no,,0.007216270438994329,0.1669907960536743,,,,-0.05461609483246622,0.11721311959452888,,,HF,eCEPP,avdz,-24.757680312533,-24.914172101923,,-24.914279402367,,,,false,false,false,false
g2_new_projection_5z,-0.31343104392773247,no,no,no,,0.007216270438994329,0.1669907960536743,,,,-0.05461609483246622,0.11721311959452888,,,HF,eCEPP,avqz,-24.757680312533,-24.923328788208,,-24.92342076612,,,,false,false,false,false
g2_new_projection_5z,-0.31343104392773247,no,no,no,,0.007216270438994329,0.1669907960536743,,,,-0.05461609483246622,0.11721311959452888,,,HF,eCEPP,avtz,-24.757680312533,-24.925715860235,,-24.925818444387,,,,false,false,false,false
g2_new_projection_5z,-0.31343104392773247,no,no,no,,0.007216270438994329,0.1669907960536743,,,,-0.05461609483246622,0.11721311959452888,,,HF,eCEPP,pvdz,-24.757680312533,-24.893883285758,,,,,,false,false,false,false
g2_new_projection_5z,-0.31343104392773247,no,no,no,,0.007216270438994329,0.1669907960536743,,,,-0.05461609483246622,0.11721311959452888,,,HF,eCEPP,pvqz,-24.757680312533,-24.924030062465,,,,,,false,false,false,false
g2_new_projection_5z,-0.31343104392773247,no,no,no,,0.007216270438994329,0.1669907960536743,,,,-0.05461609483246622,0.11721311959452888,,,HF,eCEPP,pvtz,-24.757680312533,-24.924178008037,,,,,,false,false,false,false
g2_new_projection_5z,-0.34587512217425853,no,no,no,,,,,,,,,,,HO,eCEPP,avdz,-16.416874261717,-16.54363612708,,-16.543945580344,,,,false,false,false,false
g2_new_projection_5z,-0.34587512217425853,no,no,no,,,,,,,,,,,HO,eCEPP,avqz,-16.416874261717,-16.554853381927,,-16.555171270227,,,,false,false,false,false
g2_new_projection_5z,-0.34587512217425853,no,no,no,,,,,,,,,,,HO,eCEPP,avtz,-16.416874261717,-16.55811370482,,-16.55843955054,,,,false,false,false,false
g2_new_projection_5z,-0.34587512217425853,no,no,no,,,,,,,,,,,HO,eCEPP,pvdz,-16.416874261717,-16.53048530646,,,,,,false,false,false,false
g2_new_projection_5z,-0.34587512217425853,no,no,no,,,,,,,,,,,HO,eCEPP,pvqz,-16.416874261717,-16.554982369129,,,,,,false,false,false,false
g2_new_projection_5z,-0.34587512217425853,no,no,no,,,,,,,,,,,HO,eCEPP,pvtz,-16.416874261717,-16.557298539861,,,,,,false,false,false,false
g2_new_projection_5z,-0.407350716693477,no,no,no,,,,,,,,,,,HOCl,eCEPP,avdz,-31.309613648614,-31.582253321545,,-31.582886062305,,,,false,false,false,false
g2_new_projection_5z,-0.407350716693477,no,no,no,,,,,,,,,,,HOCl,eCEPP,avqz,-31.309613648614,-31.615960819617,,-31.617309256926,,,,false,false,false,false
g2_new_projection_5z,-0.407350716693477,no,no,no,,,,,,,,,,,HOCl,eCEPP,avtz,-31.309613648614,-31.617618098059,,-31.620378124547,,,,false,false,false,false
g2_new_projection_5z,-0.407350716693477,no,no,no,,,,,,,,,,,HOCl,eCEPP,pvdz,-31.309613648614,-31.548529944515,,,,,,false,false,false,false
g2_new_projection_5z,-0.407350716693477,no,no,no,,,,,,,,,,,HOCl,eCEPP,pvqz,-31.309613648614,-31.609309727939,,,,,,false,false,false,false
g2_new_projection_5z,-0.407350716693477,no,no,no,,,,,,,,,,,HOCl,eCEPP,pvtz,-31.309613648614,-31.582536931255,,,,,,false,false,false,false
g2_new_projection_5z,free,no,no,no,,,,,,,,,,,Li,eCEPP,avdz,-0.196852792736,-0.196852792459,,-0.196852792459,,,,false,false,false,false
g2_new_projection_5z,free,no,no,no,,,,,,,,,,,Li,eCEPP,avqz,-0.196852792736,-0.196852792452,,-0.196852792452,,,,false,false,false,false
g2_new_projection_5z,free,no,no,no,,,,,,,,,,,Li,eCEPP,avtz,-0.196852792736,-0.196852792484,,-0.196852792484,,,,false,false,false,false
g2_new_projection_5z,free,no,no,no,,,,,,,,,,,Li,eCEPP,pvdz,-0.196852792736,-0.196852792736,,,,,,false,false,false,false
g2_new_projection_5z,free,no,no,no,,,,,,,,,,,Li,eCEPP,pvqz,-0.196852792736,-0.196852792456,,,,,,false,false,false,false
g2_new_projection_5z,free,no,no,no,,,,,,,,,,,Li,eCEPP,pvtz,-0.196852792736,-0.196852792633,,,,,,false,false,false,false
g2_new_projection_5z,-1.0419244043016016,no,no,no,,,,,,,,,,,Li2,eCEPP,avdz,-0.409611214094,-0.432421777471,,-0.43242177747,,,,false,false,false,false
g2_new_projection_5z,-1.0419244043016016,no,no,no,,,,,,,,,,,Li2,eCEPP,avqz,-0.409611214094,-0.43228596937,,-0.43228596937,,,,false,false,false,false
g2_new_projection_5z,-1.0419244043016016,no,no,no,,,,,,,,,,,Li2,eCEPP,avtz,-0.409611214094,-0.432448673145,,-0.432448673145,,,,false,false,false,false
g2_new_projection_5z,-1.0419244043016016,no,no,no,,,,,,,,,,,Li2,eCEPP,pvdz,-0.409611214094,-0.428275315516,,,,,,false,false,false,false
g2_new_projection_5z,-1.0419244043016016,no,no,no,,,,,,,,,,,Li2,eCEPP,pvqz,-0.409611214094,-0.432039947506,,,,,,false,false,false,false
g2_new_projection_5z,-1.0419244043016016,no,no,no,,,,,,,,,,,Li2,eCEPP,pvtz,-0.409611214094,-0.430688950399,,,,,,false,false,false,false
g2_new_projection_5z,-0.3208292314689135,no,no,no,,,,,,,,,,,LiF,eCEPP,avdz,-24.448366470641,-24.607763415393,,-24.607791429468,,,,false,false,false,false
g2_new_projection_5z,-0.3208292314689135,no,no,no,,,,,,,,,,,LiF,eCEPP,avqz,-24.448366470641,-24.618446124733,,-24.618860901401,,,,false,false,false,false
g2_new_projection_5z,-0.3208292314689135,no,no,no,,,,,,,,,,,LiF,eCEPP,avtz,-24.448366470641,-24.620788382897,,-24.621229587654,,,,false,false,false,false
g2_new_projection_5z,-0.3208292314689135,no,no,no,,,,,,,,,,,LiF,eCEPP,pvdz,-24.448366470641,-24.58080199381,,,,,,false,false,false,false
g2_new_projection_5z,-0.3208292314689135,no,no,no,,,,,,,,,,,LiF,eCEPP,pvqz,-24.448366470641,-24.617811100385,,,,,,false,false,false,false
g2_new_projection_5z,-0.3208292314689135,no,no,no,,,,,,,,,,,LiF,eCEPP,pvtz,-24.448366470641,-24.614647656979,,,,,,false,false,false,false
g2_new_projection_5z,-0.8198690843389671,no,no,no,,,,,,,,,,,LiH,eCEPP,avdz,-0.776111641446,-0.788445964341,,-0.788445964341,,,,false,false,false,false
g2_new_projection_5z,-0.8198690843389671,no,no,no,,,,,,,,,,,LiH,eCEPP,avqz,-0.776111641446,-0.791539374014,,-0.791539374015,,,,false,false,false,false
g2_new_projection_5z,-0.8198690843389671,no,no,no,,,,,,,,,,,LiH,eCEPP,avtz,-0.776111641446,-0.788496017007,,-0.788496017252,,,,false,false,false,false
g2_new_projection_5z,-0.8198690843389671,no,no,no,,,,,,,,,,,LiH,eCEPP,pvdz,-0.776111641446,-0.783556704881,,,,,,false,false,false,false
g2_new_projection_5z,-0.8198690843389671,no,no,no,,,,,,,,,,,LiH,eCEPP,pvqz,-0.776111641446,-0.788451277243,,,,,,false,false,false,false
g2_new_projection_5z,-0.8198690843389671,no,no,no,,,,,,,,,,,LiH,eCEPP,pvtz,-0.776111641446,-0.788076599107,,,,,,false,false,false,false
g2_new_projection_5z,-0.37676552488938003,no,no,no,,,,0.06832965139780132,,,,,0.14552215946591954,,N,eCEPP,avdz,-9.689839165574,-9.758696304699,,-9.758809688454,,,,false,false,false,false
g2_new_projection_5z,-0.37676552488938003,no,no,no,,,,0.06832965139780132,,,,,0.14552215946591954,,N,eCEPP,avqz,-9.689839165574,-9.765561865598,,-9.765707705529,,,,false,false,false,false
g2_new_projection_5z,-0.37676552488938003,no,no,no,,,,0.06832965139780132,,,,,0.14552215946591954,,N,eCEPP,avtz,-9.689839165574,-9.767462072658,,-9.767613194194,,,,false,false,false,false
g2_new_projection_5z,-0.37676552488938003,no,no,no,,,,0.06832965139780132,,,,,0.14552215946591954,,N,eCEPP,pvdz,-9.689839165574,-9.758696304699,,,,,,false,false,false,false
g2_new_projection_5z,-0.37676552488938003,no,no,no,,,,0.06832965139780132,,,,,0.14552215946591954,,N,eCEPP,pvqz,-9.689839165574,-9.765570373012,,,,,,false,false,false,false
g2_new_projection_5z,-0.37676552488938003,no,no,no,,,,0.06832965139780132,,,,,0.14552215946591954,,N,eCEPP,pvtz,-9.689839165574,-9.767005034004,,,,,,false,false,false,false
g2_new_projection_5z,-0.36236433917821503,no,no,no,,,,0.06327919385701966,,,,,0.11527789736623867,,N2,eCEPP,avdz,-19.628645631493,-19.885170883989,,-19.88610362148,,,,false,false,false,false
g2_new_projection_5z,-0.36236433917821503,no,no,no,,,,0.06327919385701966,,,,,0.11527789736623867,,N2,eCEPP,avqz,-19.628645631493,-19.895797412217,,-19.896734622048,,,,false,false,false,false
g2_new_projection_5z,-0.36236433917821503,no,no,no,,,,0.06327919385701966,,,,,0.11527789736623867,,N2,eCEPP,avtz,-19.628645631493,-19.90118263796,,-19.902084881818,,,,false,false,false,false
g2_new_projection_5z,-0.36236433917821503,no,no,no,,,,0.06327919385701966,,,,,0.11527789736623867,,N2,eCEPP,pvdz,-19.628645631493,-19.885170883989,,,,,,false,false,false,false
g2_new_projection_5z,-0.36236433917821503,no,no,no,,,,0.06327919385701966,,,,,0.11527789736623867,,N2,eCEPP,pvqz,-19.628645631493,-19.895916740129,,,,,,false,false,false,false
g2_new_projection_5z,-0.36236433917821503,no,no,no,,,,0.06327919385701966,,,,,0.11527789736623867,,N2,eCEPP,pvtz,-19.628645631493,-19.901112063011,,,,,,false,false,false,false
g2_new_projection_5z,-0.392863055113203,no,no,no,,,,,,,,,,,N2H4,eCEPP,avdz,-21.943196478633,-22.221981358594,,-22.222436606905,,,,false,false,false,false
g2_new_projection_5z,-0.392863055113203,no,no,no,,,,,,,,,,,N2H4,eCEPP,avqz,-21.943196478633,-22.231233915745,,,,,,false,false,false,false
g2_new_projection_5z,-0.392863055113203,no,no,no,,,,,,,,,,,N2H4,eCEPP,avtz,-21.943196478633,-22.235997325285,,-22.236397563892,,,,false,false,false,false
g2_new_projection_5z,-0.392863055113203,no,no,no,,,,,,,,,,,N2H4,eCEPP,pvdz,-21.943196478633,-22.220116688137,,,,,,false,false,false,false
g2_new_projection_5z,-0.392863055113203,no,no,no,,,,,,,,,,,N2H4,eCEPP,pvqz,-21.943196478633,-22.230753650669,,,,,,false,false,false,false
g2_new_projection_5z,-0.392863055113203,no,no,no,,,,,,,,,,,N2H4,eCEPP,pvtz,-21.943196478633,-22.234147811144,,,,,,false,false,false,false
g2_new_projection_5z,-0.387281837018691,no,no,no,,,0.014582078462516551,0.06780687292869667,,,,-0.044708969267576885,0.142583466758308,,NH,eCEPP,avdz,-10.291836784706,-10.391981528483,,-10.392359119205,,,,false,false,false,false
g2_new_projection_5z,-0.387281837018691,no,no,no,,,0.014582078462516551,0.06780687292869667,,,,-0.044708969267576885,0.142583466758308,,NH,eCEPP,avqz,-10.291836784706,-10.398091471833,,-10.398513977314,,,,false,false,false,false
g2_new_projection_5z,-0.387281837018691,no,no,no,,,0.014582078462516551,0.06780687292869667,,,,-0.044708969267576885,0.142583466758308,,NH,eCEPP,avtz,-10.291836784706,-10.400431975981,,-10.400857119546,,,,false,false,false,false
g2_new_projection_5z,-0.387281837018691,no,no,no,,,0.014582078462516551,0.06780687292869667,,,,-0.044708969267576885,0.142583466758308,,NH,eCEPP,pvdz,-10.291836784706,-10.391466224982,,,,,,false,false,false,false
g2_new_projection_5z,-0.387281837018691,no,no,no,,,0.014582078462516551,0.06780687292869667,,,,-0.044708969267576885,0.142583466758308,,NH,eCEPP,pvqz,-10.291836784706,-10.39801304652,,,,,,false,false,false,false
g2_new_projection_5z,-0.387281837018691,no,no,no,,,0.014582078462516551,0.06780687292869667,,,,-0.044708969267576885,0.142583466758308,,NH,eCEPP,pvtz,-10.291836784706,-10.399705636544,,,,,,false,false,false,false
g2_new_projection_5z,-0.38707320001457396,no,no,no,,,0.014140035782738564,0.06766828473916534,,,,-0.05077776570192266,0.13076804907747067,,NH2,eCEPP,avdz,-10.925152019109,-11.051411975259,,-11.051825067342,,,,false,false,false,false
g2_new_projection_5z,-0.38707320001457396,no,no,no,,,0.014140035782738564,0.06766828473916534,,,,-0.05077776570192266,0.13076804907747067,,NH2,eCEPP,avqz,-10.925152019109,-11.056918373288,,-11.057338691878,,,,false,false,false,false
g2_new_projection_5z,-0.38707320001457396,no,no,no,,,0.014140035782738564,0.06766828473916534,,,,-0.05077776570192266,0.13076804907747067,,NH2,eCEPP,avtz,-10.925152019109,-11.059234186237,,-11.059648683181,,,,false,false,false,false
g2_new_projection_5z,-0.38707320001457396,no,no,no,,,0.014140035782738564,0.06766828473916534,,,,-0.05077776570192266,0.13076804907747067,,NH2,eCEPP,pvdz,-10.925152019109,-11.050528784246,,,,,,false,false,false,false
g2_new_projection_5z,-0.38707320001457396,no,no,no,,,0.014140035782738564,0.06766828473916534,,,,-0.05077776570192266,0.13076804907747067,,NH2,eCEPP,pvqz,-10.925152019109,-11.05674974936,,,,,,false,false,false,false
g2_new_projection_5z,-0.38707320001457396,no,no,no,,,0.014140035782738564,0.06766828473916534,,,,-0.05077776570192266,0.13076804907747067,,NH2,eCEPP,pvtz,-10.925152019109,-11.05844341859,,,,,,false,false,false,false
g2_new_projection_5z,-0.385149343681269,no,no,no,,,0.01277270144961318,0.07074906420898033,,,,-0.05068527736686978,0.13399679299722977,,NH3,eCEPP,avdz,-11.586697425778,-11.736643208554,,-11.73693966693,,,,false,false,false,false
g2_new_projection_5z,-0.385149343681269,no,no,no,,,0.01277270144961318,0.07074906420898033,,,,-0.05068527736686978,0.13399679299722977,,NH3,eCEPP,avqz,-11.586697425778,-11.741317935945,,-11.741595145489,,,,false,false,false,false
g2_new_projection_5z,-0.385149343681269,no,no,no,,,0.01277270144961318,0.07074906420898033,,,,-0.05068527736686978,0.13399679299722977,,NH3,eCEPP,avtz,-11.586697425778,-11.743577737327,,-11.743839599063,,,,false,false,false,false
g2_new_projection_5z,-0.385149343681269,no,no,no,,,0.01277270144961318,0.07074906420898033,,,,-0.05068527736686978,0.13399679299722977,,NH3,eCEPP,pvdz,-11.586697425778,-11.73562057918,,,,,,false,false,false,false
g2_new_projection_5z,-0.385149343681269,no,no,no,,,0.01277270144961318,0.07074906420898033,,,,-0.05068527736686978,0.13399679299722977,,NH3,eCEPP,pvqz,-11.586697425778,-11.741171907535,,,,,,false,false,false,false
g2_new_projection_5z,-0.385149343681269,no,no,no,,,0.01277270144961318,0.07074906420898033,,,,-0.05068527736686978,0.13399679299722977,,NH3,eCEPP,pvtz,-11.586697425778,-11.742753415116,,,,,,false,false,false,false
g2_new_projection_5z,-0.34265669496422546,no,no,no,,,,0.052809107954249326,0.10609365688196,,,,0.09159061135992087,0.1158566921403911,NO,eCEPP,avdz,-25.602621070991,-25.87590748469,,-25.876910737379,,,,false,false,false,false
g2_new_projection_5z,-0.34265669496422546,no,no,no,,,,0.052809107954249326,0.10609365688196,,,,0.09159061135992087,0.1158566921403911,NO,eCEPP,avqz,-25.602621070991,-25.892530541829,,-25.893556171659,,,,false,false,false,false
g2_new_projection_5z,-0.34265669496422546,no,no,no,,,,0.052809107954249326,0.10609365688196,,,,0.09159061135992087,0.1158566921403911,NO,eCEPP,avtz,-25.602621070991,-25.898546804582,,-25.899552610176,,,,false,false,false,false
g2_new_projection_5z,-0.34265669496422546,no,no,no,,,,0.052809107954249326,0.10609365688196,,,,0.09159061135992087,0.1158566921403911,NO,eCEPP,pvdz,-25.602621070991,-25.868758927919,,,,,,false,false,false,false
g2_new_projection_5z,-0.34265669496422546,no,no,no,,,,0.052809107954249326,0.10609365688196,,,,0.09159061135992087,0.1158566921403911,NO,eCEPP,pvqz,-25.602621070991,-25.892397748243,,,,,,false,false,false,false
g2_new_projection_5z,-0.34265669496422546,no,no,no,,,,0.052809107954249326,0.10609365688196,,,,0.09159061135992087,0.1158566921403911,NO,eCEPP,pvtz,-25.602621070991,-25.897239674045,,,,,,false,false,false,false
g2_new_projection_5z,-0.31378915561242,no,no,no,,,,,,,,,,,Na,eCEPP,avdz,-47.563627822701,-47.66194730134,,-47.661963734036,,,,false,false,false,false
g2_new_projection_5z,-0.31378915561242,no,no,no,,,,,,,,,,,Na,eCEPP,avqz,-47.563627822701,-47.678387709146,,-47.678427007131,,,,false,false,false,false
g2_new_projection_5z,-0.31378915561242,no,no,no,,,,,,,,,,,Na,eCEPP,avtz,-47.563627822701,-47.676722625165,,-47.676764216445,,,,false,false,false,false
g2_new_projection_5z,-0.31378915561242,no,no,no,,,,,,,,,,,Na,eCEPP,pvdz,-47.563627822701,-47.659898684105,,,,,,false,false,false,false
g2_new_projection_5z,-0.31378915561242,no,no,no,,,,,,,,,,,Na,eCEPP,pvqz,-47.563627822701,-47.678362382875,,,,,,false,false,false,false
g2_new_projection_5z,-0.31378915561242,no,no,no,,,,,,,,,,,Na,eCEPP,pvtz,-47.563627822701,-47.676664439637,,,,,,false,false,false,false
g2_new_projection_5z,-0.317336634315702,no,no,no,,,,,,,,,,,Na2,eCEPP,avdz,-95.126091761105,-95.34981329417,,-95.349960224803,,,,false,false,false,false
g2_new_projection_5z,-0.317336634315702,no,no,no,,,,,,,,,,,Na2,eCEPP,avqz,-95.126091761105,-95.383820131027,,,,,,false,false,false,false
g2_new_projection_5z,-0.317336634315702,no,no,no,,,,,,,,,,,Na2,eCEPP,avtz,-95.126091761105,-95.380568751266,,-95.380906472599,,,,false,false,false,false
g2_new_projection_5z,-0.317336634315702,no,no,no,,,,,,,,,,,Na2,eCEPP,pvdz,-95.126091761105,-95.346474659873,,,,,,false,false,false,false
g2_new_projection_5z,-0.317336634315702,no,no,no,,,,,,,,,,,Na2,eCEPP,pvqz,-95.126091761105,-95.383754267961,,,,,,false,false,false,false
g2_new_projection_5z,-0.317336634315702,no,no,no,,,,,,,,,,,Na2,eCEPP,pvtz,-95.126091761105,-95.380335572738,,,,,,false,false,false,false
g2_new_projection_5z,-0.38217207776930395,no,no,no,,,,,,,,,,,NaCl,eCEPP,avdz,-62.517450639335,-62.757527032293,,-62.757898957481,,,,false,false,false,false
g2_new_projection_5z,-0.38217207776930395,no,no,no,,,,,,,,,,,NaCl,eCEPP,avqz,-62.517450639335,-62.804287673283,,-62.805405968512,,,,false,false,false,false
g2_new_projection_5z,-0.38217207776930395,no,no,no,,,,,,,,,,,NaCl,eCEPP,avtz,-62.517450639335,-62.798006979144,,-62.800206855344,,,,false,false,false,false
g2_new_projection_5z,-0.38217207776930395,no,no,no,,,,,,,,,,,NaCl,eCEPP,pvdz,-62.517450639335,-62.732348571858,,,,,,false,false,false,false
g2_new_projection_5z,-0.38217207776930395,no,no,no,,,,,,,,,,,NaCl,eCEPP,pvqz,-62.517450639335,-62.793994905536,,,,,,false,false,false,false
g2_new_projection_5z,-0.38217207776930395,no,no,no,,,,,,,,,,,NaCl,eCEPP,pvtz,-62.517450639335,-62.759326115041,,,,,,false,false,false,false
g2_new_projection_5z,-0.337448749547025,no,no,no,,,,,0.10670047127147032,,,,,0.13710256777901467,O,eCEPP,avdz,-15.781867223164,-15.87150380618,,-15.871728907009,,,,false,false,false,false
g2_new_projection_5z,-0.337448749547025,no,no,no,,,,,0.10670047127147032,,,,,0.13710256777901467,O,eCEPP,avqz,-15.781867223164,-15.884646553016,,-15.884901869586,,,,false,false,false,false
g2_new_projection_5z,-0.337448749547025,no,no,no,,,,,0.10670047127147032,,,,,0.13710256777901467,O,eCEPP,avtz,-15.781867223164,-15.88776366909,,-15.888028468546,,,,false,false,false,false
g2_new_projection_5z,-0.337448749547025,no,no,no,,,,,0.10670047127147032,,,,,0.13710256777901467,O,eCEPP,pvdz,-15.781867223164,-15.861304949887,,,,,,false,false,false,false
g2_new_projection_5z,-0.337448749547025,no,no,no,,,,,0.10670047127147032,,,,,0.13710256777901467,O,eCEPP,pvqz,-15.781867223164,-15.884755622124,,,,,,false,false,false,false
g2_new_projection_5z,-0.337448749547025,no,no,no,,,,,0.10670047127147032,,,,,0.13710256777901467,O,eCEPP,pvtz,-15.781867223164,-15.887208059626,,,,,,false,false,false,false
g2_new_projection_5z,-0.33134347952593346,no,no,no,,,,,0.10050378360864866,,,,,0.09977391866718621,O2,eCEPP,avdz,-31.637476301133,-31.935035329616,,-31.936199876703,,,,false,false,false,false
g2_new_projection_5z,-0.33134347952593346,no,no,no,,,,,0.10050378360864866,,,,,0.09977391866718621,O2,eCEPP,avqz,-31.637476301133,-31.957875261884,,-31.959133081273,,,,false,false,false,false
g2_new_projection_5z,-0.33134347952593346,no,no,no,,,,,0.10050378360864866,,,,,0.09977391866718621,O2,eCEPP,avtz,-31.637476301133,-31.964668925091,,-31.965878233129,,,,false,false,false,false
g2_new_projection_5z,-0.33134347952593346,no,no,no,,,,,0.10050378360864866,,,,,0.09977391866718621,O2,eCEPP,pvdz,-31.637476301133,-31.915631326254,,,,,,false,false,false,false
g2_new_projection_5z,-0.33134347952593346,no,no,no,,,,,0.10050378360864866,,,,,0.09977391866718621,O2,eCEPP,pvqz,-31.637476301133,-31.957332142938,,,,,,false,false,false,false
g2_new_projection_5z,-0.33134347952593346,no,no,no,,,,,0.10050378360864866,,,,,0.09977391866718621,O2,eCEPP,pvtz,-31.637476301133,-31.962155421244,,,,,,false,false,false,false
g2_new_projection_5z,-0.37325312482539147,no,no,no,,,,,,,,,,,O2S,eCEPP,avdz,-41.811652628637,-42.233670124641,,-42.235203060284,,,,false,false,false,false
g2_new_projection_5z,-0.37325312482539147,no,no,no,,,,,,,,,,,O2S,eCEPP,avqz,-41.811652628637,-42.277559169051,,,,,,false,false,false,false
g2_new_projection_5z,-0.37325312482539147,no,no,no,,,,,,,,,,,O2S,eCEPP,avtz,-41.811652628637,-42.283036330193,,-42.284692064043,,,,false,false,false,false
g2_new_projection_5z,-0.37325312482539147,no,no,no,,,,,,,,,,,O2S,eCEPP,pvdz,-41.811652628637,-42.188238887814,,,,,,false,false,false,false
g2_new_projection_5z,-0.37325312482539147,no,no,no,,,,,,,,,,,O2S,eCEPP,pvqz,-41.811652628637,-42.270100424671,,,,,,false,false,false,false
g2_new_projection_5z,-0.37325312482539147,no,no,no,,,,,,,,,,,O2S,eCEPP,pvtz,-41.811652628637,-42.247827848759,,,,,,false,false,false,false
g2_new_projection_5z,-0.397360169459427,no,no,no,,,,,,,,,,,OCl,eCEPP,avdz,-30.659989658882,-30.919577787724,,-30.921044720653,,,,false,false,false,false
g2_new_projection_5z,-0.397360169459427,no,no,no,,,,,,,,,,,OCl,eCEPP,avqz,-30.659989658882,-30.954596004501,,-30.957025860079,,,,false,false,false,false
g2_new_projection_5z,-0.397360169459427,no,no,no,,,,,,,,,,,OCl,eCEPP,avtz,-30.659989658882,-30.956592534059,,-30.96059229995,,,,false,false,false,false
g2_new_projection_5z,-0.397360169459427,no,no,no,,,,,,,,,,,OCl,eCEPP,pvdz,-30.659989658882,-30.886638815951,,,,,,false,false,false,false
g2_new_projection_5z,-0.397360169459427,no,no,no,,,,,,,,,,,OCl,eCEPP,pvqz,-30.659989658882,-30.947702219305,,,,,,false,false,false,false
g2_new_projection_5z,-0.397360169459427,no,no,no,,,,,,,,,,,OCl,eCEPP,pvtz,-30.659989658882,-30.919954352267,,,,,,false,false,false,false
g2_new_projection_5z,-0.38566951377995695,no,no,no,,,,,,,,,,,OS,eCEPP,avdz,-25.882054119173,-26.147536464649,,-26.148233694381,,,,false,false,false,false
g2_new_projection_5z,-0.38566951377995695,no,no,no,,,,,,,,,,,OS,eCEPP,avqz,-25.882054119173,-26.180107232852,,-26.181173975042,,,,false,false,false,false
g2_new_projection_5z,-0.38566951377995695,no,no,no,,,,,,,,,,,OS,eCEPP,avtz,-25.882054119173,-26.182160429364,,-26.183140274386,,,,false,false,false,false
g2_new_projection_5z,-0.38566951377995695,no,no,no,,,,,,,,,,,OS,eCEPP,pvdz,-25.882054119173,-26.116795763279,,,,,,false,false,false,false
g2_new_projection_5z,-0.38566951377995695,no,no,no,,,,,,,,,,,OS,eCEPP,pvqz,-25.882054119173,-26.174039599033,,,,,,false,false,false,false
g2_new_projection_5z,-0.38566951377995695,no,no,no,,,,,,,,,,,OS,eCEPP,pvtz,-25.882054119173,-26.150284273963,,,,,,false,false,false,false
g2_new_projection_5z,-0.5628648424742144,no,no,no,,,,,,,,,,,P,eCEPP,avdz,-6.392102899505,-6.451581624718,,-6.451743103737,,,,false,false,false,false
g2_new_projection_5z,-0.5628648424742144,no,no,no,,,,,,,,,,,P,eCEPP,avqz,-6.392102899505,-6.457999236262,,-6.458410401994,,,,false,false,false,false
g2_new_projection_5z,-0.5628648424742144,no,no,no,,,,,,,,,,,P,eCEPP,avtz,-6.392102899505,-6.459087021902,,-6.459485274033,,,,false,false,false,false
g2_new_projection_5z,-0.5628648424742144,no,no,no,,,,,,,,,,,P,eCEPP,pvdz,-6.392102899505,-6.446327429698,,,,,,false,false,false,false
g2_new_projection_5z,-0.5628648424742144,no,no,no,,,,,,,,,,,P,eCEPP,pvqz,-6.392102899505,-6.457062411065,,,,,,false,false,false,false
g2_new_projection_5z,-0.5628648424742144,no,no,no,,,,,,,,,,,P,eCEPP,pvtz,-6.392102899505,-6.444707381122,,,,,,false,false,false,false
g2_new_projection_5z,-0.5326514083910099,no,no,no,,,,,,,,,,,P2,eCEPP,avdz,-12.884489624609,-13.081974757408,,-13.083829664897,,,,false,false,false,false
g2_new_projection_5z,-0.5326514083910099,no,no,no,,,,,,,,,,,P2,eCEPP,avqz,-12.884489624609,-13.098290608051,,-13.100710565864,,,,false,false,false,false
g2_new_projection_5z,-0.5326514083910099,no,no,no,,,,,,,,,,,P2,eCEPP,avtz,-12.884489624609,-13.099715469907,,-13.10204341314,,,,false,false,false,false
g2_new_projection_5z,-0.5326514083910099,no,no,no,,,,,,,,,,,P2,eCEPP,pvdz,-12.884489624609,-13.067206894287,,,,,,false,false,false,false
g2_new_projection_5z,-0.5326514083910099,no,no,no,,,,,,,,,,,P2,eCEPP,pvqz,-12.884489624609,-13.095706652275,,,,,,false,false,false,false
g2_new_projection_5z,-0.5326514083910099,no,no,no,,,,,,,,,,,P2,eCEPP,pvtz,-12.884489624609,-13.070728264391,,,,,,false,false,false,false
g2_new_projection_5z,-0.5345105547208245,no,no,no,,,,,,,,,,,PH2,eCEPP,avdz,-7.599348505214,-7.695604402427,,-7.696265888708,,,,false,false,false,false
g2_new_projection_5z,-0.5345105547208245,no,no,no,,,,,,,,,,,PH2,eCEPP,avqz,-7.599348505214,-7.702543007691,,-7.703463927943,,,,false,false,false,false
g2_new_projection_5z,-0.5345105547208245,no,no,no,,,,,,,,,,,PH2,eCEPP,avtz,-7.599348505214,-7.703695196876,,-7.704576463285,,,,false,false,false,false
g2_new_projection_5z,-0.5345105547208245,no,no,no,,,,,,,,,,,PH2,eCEPP,pvdz,-7.599348505214,-7.687903147542,,,,,,false,false,false,false
g2_new_projection_5z,-0.5345105547208245,no,no,no,,,,,,,,,,,PH2,eCEPP,pvqz,-7.599348505214,-7.701490692663,,,,,,false,false,false,false
g2_new_projection_5z,-0.5345105547208245,no,no,no,,,,,,,,,,,PH2,eCEPP,pvtz,-7.599348505214,-7.691278506675,,,,,,false,false,false,false
g2_new_projection_5z,-0.5262540620235555,no,no,no,,,,,,,,,,,PH3,eCEPP,avdz,-8.225452268127,-8.335762105497,,-8.336417286057,,,,false,false,false,false
g2_new_projection_5z,-0.5262540620235555,no,no,no,,,,,,,,,,,PH3,eCEPP,avqz,-8.225452268127,-8.341970604537,,-8.342855830989,,,,false,false,false,false
g2_new_projection_5z,-0.5262540620235555,no,no,no,,,,,,,,,,,PH3,eCEPP,avtz,-8.225452268127,-8.343242853454,,-8.344087829861,,,,false,false,false,false
g2_new_projection_5z,-0.5262540620235555,no,no,no,,,,,,,,,,,PH3,eCEPP,pvdz,-8.225452268127,-8.328044338859,,,,,,false,false,false,false
g2_new_projection_5z,-0.5262540620235555,no,no,no,,,,,,,,,,,PH3,eCEPP,pvqz,-8.225452268127,-8.340982042766,,,,,,false,false,false,false
g2_new_projection_5z,-0.5262540620235555,no,no,no,,,,,,,,,,,PH3,eCEPP,pvtz,-8.225452268127,-8.332523436063,,,,,,false,false,false,false
g2_new_projection_5z,-0.5084761675157161,no,no,no,,,,,,,,,,,S,eCEPP,avdz,-10.000513495672,-10.079375705864,,-10.079730123281,,,,false,false,false,false
g2_new_projection_5z,-0.5084761675157161,no,no,no,,,,,,,,,,,S,eCEPP,avqz,-10.000513495672,-10.093024307085,,-10.093739055289,,,,false,false,false,false
g2_new_projection_5z,-0.5084761675157161,no,no,no,,,,,,,,,,,S,eCEPP,avtz,-10.000513495672,-10.093957886124,,-10.094636079586,,,,false,false,false,false
g2_new_projection_5z,-0.5084761675157161,no,no,no,,,,,,,,,,,S,eCEPP,pvdz,-10.000513495672,-10.069193759169,,,,,,false,false,false,false
g2_new_projection_5z,-0.5084761675157161,no,no,no,,,,,,,,,,,S,eCEPP,pvqz,-10.000513495672,-10.090921057447,,,,,,false,false,false,false
g2_new_projection_5z,-0.5084761675157161,no,no,no,,,,,,,,,,,S,eCEPP,pvtz,-10.000513495672,-10.072227596114,,,,,,false,false,false,false
g2_new_projection_5z,-0.488507684204325,no,no,no,,,,,,,,,,,S2,eCEPP,avdz,-20.104007690792,-20.319497382532,,-20.321066416004,,,,false,false,false,false
g2_new_projection_5z,-0.488507684204325,no,no,no,,,,,,,,,,,S2,eCEPP,avqz,-20.104007690792,-20.350163987132,,-20.352439207776,,,,false,false,false,false
g2_new_projection_5z,-0.488507684204325,no,no,no,,,,,,,,,,,S2,eCEPP,avtz,-20.104007690792,-20.351352504244,,-20.353485165327,,,,false,false,false,false
g2_new_projection_5z,-0.488507684204325,no,no,no,,,,,,,,,,,S2,eCEPP,pvdz,-20.104007690792,-20.295848946492,,,,,,false,false,false,false
g2_new_projection_5z,-0.488507684204325,no,no,no,,,,,,,,,,,S2,eCEPP,pvqz,-20.104007690791,-20.344050462441,,,,,,false,false,false,false
g2_new_projection_5z,-0.488507684204325,no,no,no,,,,,,,,,,,S2,eCEPP,pvtz,-20.104007690792,-20.306920175755,,,,,,false,false,false,false
g2_new_projection_5z,-0.6713006086124773,no,no,no,,,,,,,,,,,Si,eCEPP,avdz,-3.709858717557,-3.759193187819,,-3.759437987056,,,,false,false,false,false
g2_new_projection_5z,-0.6713006086124773,no,no,no,,,,,,,,,,,Si,eCEPP,avqz,-3.709858717557,-3.761123530969,,-3.761540375044,,,,false,false,false,false
g2_new_projection_5z,-0.6713006086124773,no,no,no,,,,,,,,,,,Si,eCEPP,avtz,-3.709858717557,-3.762057234348,,-3.762457045077,,,,false,false,false,false
g2_new_projection_5z,-0.6713006086124773,no,no,no,,,,,,,,,,,Si,eCEPP,pvdz,-3.709858717557,-3.756229171693,,,,,,false,false,false,false
g2_new_projection_5z,-0.6713006086124773,no,no,no,,,,,,,,,,,Si,eCEPP,pvqz,-3.709858717557,-3.761077595492,,,,,,false,false,false,false
g2_new_projection_5z,-0.6713006086124773,no,no,no,,,,,,,,,,,Si,eCEPP,pvtz,-3.709858717557,-3.761607761621,,,,,,false,false,false,false
g2_new_projection_5z,-0.6344611111556957,no,no,no,,,,,,,,,,,Si2,eCEPP,avdz,-7.512219397531,-7.634606998163,,-7.636671133558,,,,false,false,false,false
g2_new_projection_5z,-0.6344611111556957,no,no,no,,,,,,,,,,,Si2,eCEPP,avqz,-7.512219397531,-7.641790869784,,-7.644297896329,,,,false,false,false,false
g2_new_projection_5z,-0.6344611111556957,no,no,no,,,,,,,,,,,Si2,eCEPP,avtz,-7.512219397531,-7.64331359548,,-7.645752990452,,,,false,false,false,false
g2_new_projection_5z,-0.6344611111556957,no,no,no,,,,,,,,,,,Si2,eCEPP,pvdz,-7.512219397531,-7.626327313372,,,,,,false,false,false,false
g2_new_projection_5z,-0.6344611111556957,no,no,no,,,,,,,,,,,Si2,eCEPP,pvqz,-7.512219397531,-7.64146745115,,,,,,false,false,false,false
g2_new_projection_5z,-0.6344611111556957,no,no,no,,,,,,,,,,,Si2,eCEPP,pvtz,-7.512219397531,-7.641890243804,,,,,,false,false,false,false
g2_new_projection_5z,-0.5950928307353115,no,no,no,,,,,,,,,,,Si2H6,eCEPP,avdz,-11.220033500065,-11.368498252047,,-11.369604557556,,,,false,false,false,false
g2_new_projection_5z,-0.5950928307353115,no,no,no,,,,,,,,,,,Si2H6,eCEPP,avqz,-11.220033500065,-11.374611051855,,,,,,false,false,false,false
g2_new_projection_5z,-0.5950928307353115,no,no,no,,,,,,,,,,,Si2H6,eCEPP,avtz,-11.220033500065,-11.377058973358,,-11.378347384609,,,,false,false,false,false
g2_new_projection_5z,-0.5950928307353115,no,no,no,,,,,,,,,,,Si2H6,eCEPP,pvqz,-11.220033500065,-11.374759668894,,,,,,false,false,false,false
g2_new_projection_5z,-0.5950928307353115,no,no,no,,,,,,,,,,,Si2H6,eCEPP,pvtz,-11.220033500065,-11.375539479224,,,,,,false,false,false,false
g2_new_projection_5z,-0.6096352128747146,no,no,no,,,,,,,,,,,SiH2,eCEPP,avdz,-4.928742936262,-5.003195110872,,-5.003810817467,,,,false,false,false,false
g2_new_projection_5z,-0.6096352128747146,no,no,no,,,,,,,,,,,SiH2,eCEPP,avqz,-4.928742936262,-5.005758561672,,-5.00650610196,,,,false,false,false,false
g2_new_projection_5z,-0.6096352128747146,no,no,no,,,,,,,,,,,SiH2,eCEPP,avtz,-4.928742936262,-5.006861583825,,-5.007587573596,,,,false,false,false,false
g2_new_projection_5z,-0.6096352128747146,no,no,no,,,,,,,,,,,SiH2,eCEPP,pvdz,-4.928742936262,-4.998382221207,,,,,,false,false,false,false
g2_new_projection_5z,-0.6096352128747146,no,no,no,,,,,,,,,,,SiH2,eCEPP,pvqz,-4.928742936262,-5.005740363136,,,,,,false,false,false,false
g2_new_projection_5z,-0.6096352128747146,no,no,no,,,,,,,,,,,SiH2,eCEPP,pvtz,-4.928742936262,-5.006038649263,,,,,,false,false,false,false
g2_new_projection_5z,-0.584811603392265,no,no,no,,,,,,,,,,,SiH2_triplet,eCEPP,avdz,-4.910263144559,-4.969771771678,,-4.970328959129,,,,false,false,false,false
g2_new_projection_5z,-0.584811603392265,no,no,no,,,,,,,,,,,SiH2_triplet,eCEPP,avqz,-4.910263144559,-4.973213276833,,-4.973916801458,,,,false,false,false,false
g2_new_projection_5z,-0.584811603392265,no,no,no,,,,,,,,,,,SiH2_triplet,eCEPP,avtz,-4.910263144559,-4.973899685876,,-4.974581600738,,,,false,false,false,false
g2_new_projection_5z,-0.584811603392265,no,no,no,,,,,,,,,,,SiH2_triplet,eCEPP,pvdz,-4.910263144559,-4.965428142587,,,,,,false,false,false,false
g2_new_projection_5z,-0.584811603392265,no,no,no,,,,,,,,,,,SiH2_triplet,eCEPP,pvqz,-4.910263144559,-4.973114999649,,,,,,false,false,false,false
g2_new_projection_5z,-0.584811603392265,no,no,no,,,,,,,,,,,SiH2_triplet,eCEPP,pvtz,-4.910263144559,-4.973116689453,,,,,,false,false,false,false
g2_new_projection_5z,-0.5891684534430195,no,no,no,,,,,,,,,,,SiH3,eCEPP,avdz,-5.551333772839,-5.621561893818,,-5.622122161299,,,,false,false,false,false
g2_new_projection_5z,-0.5891684534430195,no,no,no,,,,,,,,,,,SiH3,eCEPP,avqz,-5.551333772839,-5.624286284948,,-5.624967407066,,,,false,false,false,false
g2_new_projection_5z,-0.5891684534430195,no,no,no,,,,,,,,,,,SiH3,eCEPP,avtz,-5.551333772839,-5.625401950032,,-5.626062055286,,,,false,false,false,false
g2_new_projection_5z,-0.5891684534430195,no,no,no,,,,,,,,,,,SiH3,eCEPP,pvdz,-5.551333772839,-5.617063833783,,,,,,false,false,false,false
g2_new_projection_5z,-0.5891684534430195,no,no,no,,,,,,,,,,,SiH3,eCEPP,pvqz,-5.551333772839,-5.624288397862,,,,,,false,false,false,false
g2_new_projection_5z,-0.5891684534430195,no,no,no,,,,,,,,,,,SiH3,eCEPP,pvtz,-5.551333772839,-5.624514767593,,,,,,false,false,false,false
g2_new_projection_5z,-0.5908722736026615,no,no,no,,,,,,,,,,,SiH4,eCEPP,avdz,-6.196850739683,-6.276278205465,,-6.27678230844,,,,false,false,false,false
g2_new_projection_5z,-0.5908722736026615,no,no,no,,,,,,,,,,,SiH4,eCEPP,avqz,-6.196850739683,-6.278162385824,,-6.278763731474,,,,false,false,false,false
g2_new_projection_5z,-0.5908722736026615,no,no,no,,,,,,,,,,,SiH4,eCEPP,avtz,-6.196850739683,-6.279733706743,,-6.280316014496,,,,false,false,false,false
g2_new_projection_5z,-0.5908722736026615,no,no,no,,,,,,,,,,,SiH4,eCEPP,pvdz,-6.196850739683,-6.272266571903,,,,,,false,false,false,false
g2_new_projection_5z,-0.5908722736026615,no,no,no,,,,,,,,,,,SiH4,eCEPP,pvqz,-6.196850739683,-6.278290230558,,,,,,false,false,false,false
g2_new_projection_5z,-0.5908722736026615,no,no,no,,,,,,,,,,,SiH4,eCEPP,pvtz,-6.196850739683,-6.278767658125,,,,,,false,false,false,false
g2_new_projection_5z,-0.38371037215912646,no,no,no,,,,,,,,,,,SiO,eCEPP,avdz,-19.701632327352,-19.931200979473,,-19.931961797054,,,,false,false,false,false
g2_new_projection_5z,-0.38371037215912646,no,no,no,,,,,,,,,,,SiO,eCEPP,avqz,-19.701632327352,-19.953500609923,,-19.954319240495,,,,false,false,false,false
g2_new_projection_5z,-0.38371037215912646,no,no,no,,,,,,,,,,,SiO,eCEPP,avtz,-19.701632327352,-19.95536132787,,-19.956186346698,,,,false,false,false,false
g2_new_projection_5z,-0.38371037215912646,no,no,no,,,,,,,,,,,SiO,eCEPP,pvdz,-19.701632327352,-19.906697937222,,,,,,false,false,false,false
g2_new_projection_5z,-0.38371037215912646,no,no,no,,,,,,,,,,,SiO,eCEPP,pvqz,-19.701632327352,-19.952824818584,,,,,,false,false,false,false
g2_new_projection_5z,-0.38371037215912646,no,no,no,,,,,,,,,,,SiO,eCEPP,pvtz,-19.701632327352,-19.951164202396,,,,,,false,false,false,false
